{
"type": "FeatureCollection",
"name": "occurrence",
"crs": { "type": "name", "properties": { "name": "urn:ogc:def:crs:OGC:1.3:CRS84" } },
"features": [
{ "type": "Feature", "properties": { "Species": "Bunglon Taman", "Latin": "Calotes versicolor", "Coordinate": "-7.82428, 110.39403", "Link": null, "Group": "Reptil", "Latitude": -7.82428, "Longitude": 110.39403, "HSI": 2.0, "HabitatClass": "High", "Taxon_Normalized": "Reptil" }, "geometry": { "type": "Point", "coordinates": [ 110.39403, -7.82428 ] } },
{ "type": "Feature", "properties": { "Species": "Bengkarung", "Latin": "Eutropis multifasciata", "Coordinate": "-7.82249, 110.38645", "Link": null, "Group": "Reptil", "Latitude": -7.82249, "Longitude": 110.38645, "HSI": 2.0, "HabitatClass": "High", "Taxon_Normalized": "Reptil" }, "geometry": { "type": "Point", "coordinates": [ 110.38645, -7.82249 ] } },
{ "type": "Feature", "properties": { "Species": "Bengkarung", "Latin": "Eutropis multifasciata", "Coordinate": "-7.81759, 110.39393", "Link": null, "Group": "Reptil", "Latitude": -7.81759, "Longitude": 110.39393, "HSI": 3.0, "HabitatClass": "High", "Taxon_Normalized": "Reptil" }, "geometry": { "type": "Point", "coordinates": [ 110.39393, -7.81759 ] } },
{ "type": "Feature", "properties": { "Species": "Bubut Jawa", "Latin": "Centropus nigrorufus", "Coordinate": "-7.81638, 110.39378", "Link": null, "Group": "Burung", "Latitude": -7.81638, "Longitude": 110.39378, "HSI": 1.0, "HabitatClass": "High", "Taxon_Normalized": "Burung" }, "geometry": { "type": "Point", "coordinates": [ 110.39378, -7.81638 ] } },
{ "type": "Feature", "properties": { "Species": "Bunglon Taman", "Latin": "Calotes versicolor", "Coordinate": "-7.81638, 110.39278", "Link": null, "Group": "Reptil", "Latitude": -7.81638, "Longitude": 110.39278, "HSI": 2.0, "HabitatClass": "High", "Taxon_Normalized": "Reptil" }, "geometry": { "type": "Point", "coordinates": [ 110.39278, -7.81638 ] } },
{ "type": "Feature", "properties": { "Species": "Cecak Tembok", "Latin": "Hemidactylus platyurus", "Coordinate": "-7.81582, 110.39123", "Link": null, "Group": "Reptil", "Latitude": -7.81582, "Longitude": 110.39123, "HSI": 2.0, "HabitatClass": "High", "Taxon_Normalized": "Reptil" }, "geometry": { "type": "Point", "coordinates": [ 110.39123, -7.81582 ] } },
{ "type": "Feature", "properties": { "Species": "Cecak Tembok", "Latin": "Hemidactylus platyurus", "Coordinate": "-7.81572, 110.38904", "Link": null, "Group": "Reptil", "Latitude": -7.81572, "Longitude": 110.38904, "HSI": 1.0, "HabitatClass": "High", "Taxon_Normalized": "Reptil" }, "geometry": { "type": "Point", "coordinates": [ 110.38904, -7.81572 ] } },
{ "type": "Feature", "properties": { "Species": "Katak-Pohon Bergaris", "Latin": "Polypedates leucomystax", "Coordinate": "-7.81571, 110.38916", "Link": null, "Group": "Amfibi", "Latitude": -7.81571, "Longitude": 110.38916, "HSI": 1.0, "HabitatClass": "High", "Taxon_Normalized": "Amfibi" }, "geometry": { "type": "Point", "coordinates": [ 110.38916, -7.81571 ] } },
{ "type": "Feature", "properties": { "Species": "Bangkong Batu", "Latin": "Fejervarya limnocharis", "Coordinate": "-7.81344, 110.38877", "Link": null, "Group": "Amfibi", "Latitude": -7.81344, "Longitude": 110.38877, "HSI": 1.0, "HabitatClass": "High", "Taxon_Normalized": "Amfibi" }, "geometry": { "type": "Point", "coordinates": [ 110.38877, -7.81344 ] } },
{ "type": "Feature", "properties": { "Species": "Bangkong Kolong", "Latin": "Duttaphrynus melanostictus", "Coordinate": "-7.82703, 110.40134", "Link": null, "Group": "Amfibi", "Latitude": -7.82703, "Longitude": 110.40134, "HSI": 1.0, "HabitatClass": "High", "Taxon_Normalized": "Amfibi" }, "geometry": { "type": "Point", "coordinates": [ 110.40134, -7.82703 ] } },
{ "type": "Feature", "properties": { "Species": "Bondol Jawa", "Latin": "Lonchura leucogastroides", "Coordinate": "-7.82427, 110.40188", "Link": null, "Group": "Burung", "Latitude": -7.82427, "Longitude": 110.40188, "HSI": 1.0, "HabitatClass": "High", "Taxon_Normalized": "Burung" }, "geometry": { "type": "Point", "coordinates": [ 110.40188, -7.82427 ] } },
{ "type": "Feature", "properties": { "Species": "Cecak Kayu", "Latin": "Hemidactylus frenatus", "Coordinate": "-7.82148, 110.40089", "Link": null, "Group": "Reptil", "Latitude": -7.82148, "Longitude": 110.40089, "HSI": 1.0, "HabitatClass": "High", "Taxon_Normalized": "Reptil" }, "geometry": { "type": "Point", "coordinates": [ 110.40089, -7.82148 ] } },
{ "type": "Feature", "properties": { "Species": "Cabai Jawa", "Latin": "Dicaeum trochileum", "Coordinate": "-7.82039, 110.40090", "Link": null, "Group": "Burung", "Latitude": -7.82039, "Longitude": 110.4009, "HSI": 1.0, "HabitatClass": "High", "Taxon_Normalized": "Burung" }, "geometry": { "type": "Point", "coordinates": [ 110.4009, -7.82039 ] } },
{ "type": "Feature", "properties": { "Species": "Burung-Gereja Erasia", "Latin": "Passer montanus", "Coordinate": "-7.81716, 110.40186", "Link": null, "Group": "Burung", "Latitude": -7.81716, "Longitude": 110.40186, "HSI": 1.0, "HabitatClass": "High", "Taxon_Normalized": "Burung" }, "geometry": { "type": "Point", "coordinates": [ 110.40186, -7.81716 ] } },
{ "type": "Feature", "properties": { "Species": "Burung-Gereja Erasia", "Latin": "Passer montanus", "Coordinate": "-7.81480, 110.39943", "Link": null, "Group": "Burung", "Latitude": -7.8148, "Longitude": 110.39943, "HSI": 1.0, "HabitatClass": "High", "Taxon_Normalized": "Burung" }, "geometry": { "type": "Point", "coordinates": [ 110.39943, -7.8148 ] } },
{ "type": "Feature", "properties": { "Species": "Cecak Tembok", "Latin": "Hemidactylus platyurus", "Coordinate": "-7.81463, 110.39892", "Link": null, "Group": "Reptil", "Latitude": -7.81463, "Longitude": 110.39892, "HSI": 1.0, "HabitatClass": "High", "Taxon_Normalized": "Reptil" }, "geometry": { "type": "Point", "coordinates": [ 110.39892, -7.81463 ] } },
{ "type": "Feature", "properties": { "Species": "Kodok Sawah", "Latin": "Fejervarya cancrivora", "Coordinate": "-7.81198, 110.39880", "Link": null, "Group": "Amfibi", "Latitude": -7.81198, "Longitude": 110.3988, "HSI": 2.0, "HabitatClass": "High", "Taxon_Normalized": "Amfibi" }, "geometry": { "type": "Point", "coordinates": [ 110.3988, -7.81198 ] } },
{ "type": "Feature", "properties": { "Species": "Ular Cicak", "Latin": "Lycodon capucinus", "Coordinate": "-7.81173, 110.39758", "Link": null, "Group": "Reptil", "Latitude": -7.81173, "Longitude": 110.39758, "HSI": 2.0, "HabitatClass": "High", "Taxon_Normalized": "Reptil" }, "geometry": { "type": "Point", "coordinates": [ 110.39758, -7.81173 ] } },
{ "type": "Feature", "properties": { "Species": "Bangkong Kolong", "Latin": "Duttaphrynus melanostictus", "Coordinate": "-7.81117, 110.39790", "Link": null, "Group": "Amfibi", "Latitude": -7.81117, "Longitude": 110.3979, "HSI": 1.0, "HabitatClass": "High", "Taxon_Normalized": "Amfibi" }, "geometry": { "type": "Point", "coordinates": [ 110.3979, -7.81117 ] } },
{ "type": "Feature", "properties": { "Species": "Bengkarung", "Latin": "Eutropis multifasciata", "Coordinate": "-7.81117, 110.39790", "Link": null, "Group": "Reptil", "Latitude": -7.81117, "Longitude": 110.3979, "HSI": 1.0, "HabitatClass": "High", "Taxon_Normalized": "Reptil" }, "geometry": { "type": "Point", "coordinates": [ 110.3979, -7.81117 ] } },
{ "type": "Feature", "properties": { "Species": "Cecak Kayu", "Latin": "Hemidactylus frenatus", "Coordinate": "-7.81109, 110.39685", "Link": null, "Group": "Reptil", "Latitude": -7.81109, "Longitude": 110.39685, "HSI": 1.0, "HabitatClass": "High", "Taxon_Normalized": "Reptil" }, "geometry": { "type": "Point", "coordinates": [ 110.39685, -7.81109 ] } },
{ "type": "Feature", "properties": { "Species": "Burung-Gereja Erasia", "Latin": "Passer montanus", "Coordinate": "-7.81098, 110.39828", "Link": null, "Group": "Burung", "Latitude": -7.81098, "Longitude": 110.39828, "HSI": 1.0, "HabitatClass": "High", "Taxon_Normalized": "Burung" }, "geometry": { "type": "Point", "coordinates": [ 110.39828, -7.81098 ] } },
{ "type": "Feature", "properties": { "Species": "Bajing Kelapa", "Latin": "Callosciurus notatus", "Coordinate": "-7.80889, 110.39824", "Link": null, "Group": "Mamalia", "Latitude": -7.80889, "Longitude": 110.39824, "HSI": 1.0, "HabitatClass": "High", "Taxon_Normalized": "Mamalia" }, "geometry": { "type": "Point", "coordinates": [ 110.39824, -7.80889 ] } },
{ "type": "Feature", "properties": { "Species": "Raja-Udang Meninting", "Latin": "Alcedo meninting", "Coordinate": "-7.80818, 110.39556", "Link": null, "Group": "Burung", "Latitude": -7.80818, "Longitude": 110.39556, "HSI": 3.0, "HabitatClass": "High", "Taxon_Normalized": "Burung" }, "geometry": { "type": "Point", "coordinates": [ 110.39556, -7.80818 ] } },
{ "type": "Feature", "properties": { "Species": "Cecak Gula", "Latin": "Gehyra mutilata", "Coordinate": "-7.80772, 110.39577", "Link": null, "Group": "Reptil", "Latitude": -7.80772, "Longitude": 110.39577, "HSI": 3.0, "HabitatClass": "High", "Taxon_Normalized": "Reptil" }, "geometry": { "type": "Point", "coordinates": [ 110.39577, -7.80772 ] } },
{ "type": "Feature", "properties": { "Species": "Ciung-Air Jawa", "Latin": "Mixornis flavicollis", "Coordinate": "-7.80734, 110.39737", "Link": null, "Group": "Burung", "Latitude": -7.80734, "Longitude": 110.39737, "HSI": 3.0, "HabitatClass": "High", "Taxon_Normalized": "Burung" }, "geometry": { "type": "Point", "coordinates": [ 110.39737, -7.80734 ] } },
{ "type": "Feature", "properties": { "Species": "Biawak", "Latin": "Varanus salvator ssp. bivittatus", "Coordinate": "-7.80728, 110.39585", "Link": null, "Group": "Reptil", "Latitude": -7.80728, "Longitude": 110.39585, "HSI": 1.0, "HabitatClass": "High", "Taxon_Normalized": "Reptil" }, "geometry": { "type": "Point", "coordinates": [ 110.39585, -7.80728 ] } },
{ "type": "Feature", "properties": { "Species": "Katak-Pohon Bergaris", "Latin": "Polypedates leucomystax", "Coordinate": "-7.80639, 110.39579", "Link": null, "Group": "Amfibi", "Latitude": -7.80639, "Longitude": 110.39579, "HSI": 3.0, "HabitatClass": "High", "Taxon_Normalized": "Amfibi" }, "geometry": { "type": "Point", "coordinates": [ 110.39579, -7.80639 ] } },
{ "type": "Feature", "properties": { "Species": "Cecak Kayu", "Latin": "Hemidactylus frenatus", "Coordinate": "-7.80621, 110.39617", "Link": null, "Group": "Reptil", "Latitude": -7.80621, "Longitude": 110.39617, "HSI": 3.0, "HabitatClass": "High", "Taxon_Normalized": "Reptil" }, "geometry": { "type": "Point", "coordinates": [ 110.39617, -7.80621 ] } },
{ "type": "Feature", "properties": { "Species": "Cecak Gula", "Latin": "Gehyra mutilata", "Coordinate": "-7.81187, 110.39372", "Link": null, "Group": "Reptil", "Latitude": -7.81187, "Longitude": 110.39372, "HSI": 2.0, "HabitatClass": "High", "Taxon_Normalized": "Reptil" }, "geometry": { "type": "Point", "coordinates": [ 110.39372, -7.81187 ] } },
{ "type": "Feature", "properties": { "Species": "Bunglon Surai", "Latin": "Bronchocela jubata", "Coordinate": "-7.80883, 110.38990", "Link": null, "Group": "Reptil", "Latitude": -7.80883, "Longitude": 110.3899, "HSI": 1.0, "HabitatClass": "High", "Taxon_Normalized": "Reptil" }, "geometry": { "type": "Point", "coordinates": [ 110.3899, -7.80883 ] } },
{ "type": "Feature", "properties": { "Species": "Tokek Rumah", "Latin": "Gekko gecko", "Coordinate": "-7.80823, 110.39472", "Link": null, "Group": "Reptil", "Latitude": -7.80823, "Longitude": 110.39472, "HSI": 3.0, "HabitatClass": "High", "Taxon_Normalized": "Reptil" }, "geometry": { "type": "Point", "coordinates": [ 110.39472, -7.80823 ] } },
{ "type": "Feature", "properties": { "Species": "Bangkong Sungai", "Latin": "Phrynoidis asper", "Coordinate": "-7.80813, 110.39468", "Link": null, "Group": "Amfibi", "Latitude": -7.80813, "Longitude": 110.39468, "HSI": 3.0, "HabitatClass": "High", "Taxon_Normalized": "Amfibi" }, "geometry": { "type": "Point", "coordinates": [ 110.39468, -7.80813 ] } },
{ "type": "Feature", "properties": { "Species": "Cecak Kayu", "Latin": "Hemidactylus frenatus", "Coordinate": "-7.80813, 110.39468", "Link": null, "Group": "Reptil", "Latitude": -7.80813, "Longitude": 110.39468, "HSI": 3.0, "HabitatClass": "High", "Taxon_Normalized": "Reptil" }, "geometry": { "type": "Point", "coordinates": [ 110.39468, -7.80813 ] } },
{ "type": "Feature", "properties": { "Species": "Tikus Got", "Latin": "Rattus norvegicus", "Coordinate": "-7.80799, 110.39450", "Link": null, "Group": "Mamalia", "Latitude": -7.80799, "Longitude": 110.3945, "HSI": 3.0, "HabitatClass": "High", "Taxon_Normalized": "Mamalia" }, "geometry": { "type": "Point", "coordinates": [ 110.3945, -7.80799 ] } },
{ "type": "Feature", "properties": { "Species": "Undan Kacamata", "Latin": "Pelecanus conspicillatus", "Coordinate": "-7.80782, 110.39453", "Link": null, "Group": "Burung", "Latitude": -7.80782, "Longitude": 110.39453, "HSI": 2.0, "HabitatClass": "High", "Taxon_Normalized": "Burung" }, "geometry": { "type": "Point", "coordinates": [ 110.39453, -7.80782 ] } },
{ "type": "Feature", "properties": { "Species": "Bunglon Taman", "Latin": "Calotes versicolor", "Coordinate": "-7.80700, 110.39492", "Link": null, "Group": "Reptil", "Latitude": -7.807, "Longitude": 110.39492, "HSI": 2.0, "HabitatClass": "High", "Taxon_Normalized": "Reptil" }, "geometry": { "type": "Point", "coordinates": [ 110.39492, -7.807 ] } },
{ "type": "Feature", "properties": { "Species": "Burung-Gereja Erasia", "Latin": "Passer montanus", "Coordinate": "-7.80694, 110.38804", "Link": null, "Group": "Burung", "Latitude": -7.80694, "Longitude": 110.38804, "HSI": 1.0, "HabitatClass": "High", "Taxon_Normalized": "Burung" }, "geometry": { "type": "Point", "coordinates": [ 110.38804, -7.80694 ] } },
{ "type": "Feature", "properties": { "Species": "Merbah Cerukcuk", "Latin": "Pycnonotus goiavier", "Coordinate": "-7.80239, 110.39371", "Link": null, "Group": "Burung", "Latitude": -7.80239, "Longitude": 110.39371, "HSI": 1.0, "HabitatClass": "High", "Taxon_Normalized": "Burung" }, "geometry": { "type": "Point", "coordinates": [ 110.39371, -7.80239 ] } },
{ "type": "Feature", "properties": { "Species": "Perkutut", "Latin": "Geopelia striata", "Coordinate": "-7.80583, 110.395", "Link": null, "Group": "Burung", "Latitude": -7.80583, "Longitude": 110.395, "HSI": 2.0, "HabitatClass": "High", "Taxon_Normalized": "Burung" }, "geometry": { "type": "Point", "coordinates": [ 110.395, -7.80583 ] } },
{ "type": "Feature", "properties": { "Species": "Bunglon Surai", "Latin": "Bronchocela jubata", "Coordinate": "-7.80582, 110.39655", "Link": null, "Group": "Reptil", "Latitude": -7.80582, "Longitude": 110.39655, "HSI": 2.0, "HabitatClass": "High", "Taxon_Normalized": "Reptil" }, "geometry": { "type": "Point", "coordinates": [ 110.39655, -7.80582 ] } },
{ "type": "Feature", "properties": { "Species": "Bangkong Kolong", "Latin": "Duttaphrynus melanostictus", "Coordinate": "-7.80582, 110.39655", "Link": null, "Group": "Amfibi", "Latitude": -7.80582, "Longitude": 110.39655, "HSI": 2.0, "HabitatClass": "High", "Taxon_Normalized": "Amfibi" }, "geometry": { "type": "Point", "coordinates": [ 110.39655, -7.80582 ] } },
{ "type": "Feature", "properties": { "Species": "Ular Air Belang", "Latin": "Homalopsis buccata", "Coordinate": "-7.80582, 110.39655", "Link": null, "Group": "Reptil", "Latitude": -7.80582, "Longitude": 110.39655, "HSI": 2.0, "HabitatClass": "High", "Taxon_Normalized": "Reptil" }, "geometry": { "type": "Point", "coordinates": [ 110.39655, -7.80582 ] } },
{ "type": "Feature", "properties": { "Species": "Ular Janur", "Latin": "Ahaetulla mycterizans", "Coordinate": "-7.80582, 110.39655", "Link": null, "Group": "Reptil", "Latitude": -7.80582, "Longitude": 110.39655, "HSI": 2.0, "HabitatClass": "High", "Taxon_Normalized": "Reptil" }, "geometry": { "type": "Point", "coordinates": [ 110.39655, -7.80582 ] } },
{ "type": "Feature", "properties": { "Species": "Bunglon Taman", "Latin": "Calotes versicolor", "Coordinate": "-7.80582, 110.39655", "Link": null, "Group": "Reptil", "Latitude": -7.80582, "Longitude": 110.39655, "HSI": 2.0, "HabitatClass": "High", "Taxon_Normalized": "Reptil" }, "geometry": { "type": "Point", "coordinates": [ 110.39655, -7.80582 ] } },
{ "type": "Feature", "properties": { "Species": "Tokek Rumah", "Latin": "Gekko gecko", "Coordinate": "-7.80582, 110.39655", "Link": null, "Group": "Reptil", "Latitude": -7.80582, "Longitude": 110.39655, "HSI": 2.0, "HabitatClass": "High", "Taxon_Normalized": "Reptil" }, "geometry": { "type": "Point", "coordinates": [ 110.39655, -7.80582 ] } },
{ "type": "Feature", "properties": { "Species": "Katak-Pohon Bergaris", "Latin": "Polypedates leucomystax", "Coordinate": "-7.80582, 110.39655", "Link": null, "Group": "Amfibi", "Latitude": -7.80582, "Longitude": 110.39655, "HSI": 2.0, "HabitatClass": "High", "Taxon_Normalized": "Amfibi" }, "geometry": { "type": "Point", "coordinates": [ 110.39655, -7.80582 ] } },
{ "type": "Feature", "properties": { "Species": "Kongkang Kolam Jawa", "Latin": "Hylarana chalconota", "Coordinate": "-7.80582, 110.39655", "Link": null, "Group": "Amfibi", "Latitude": -7.80582, "Longitude": 110.39655, "HSI": 2.0, "HabitatClass": "High", "Taxon_Normalized": "Amfibi" }, "geometry": { "type": "Point", "coordinates": [ 110.39655, -7.80582 ] } },
{ "type": "Feature", "properties": { "Species": "Musang", "Latin": "Paradoxurus musanga", "Coordinate": "-7.80582, 110.39655", "Link": null, "Group": "Mamalia", "Latitude": -7.80582, "Longitude": 110.39655, "HSI": 2.0, "HabitatClass": "High", "Taxon_Normalized": "Mamalia" }, "geometry": { "type": "Point", "coordinates": [ 110.39655, -7.80582 ] } },
{ "type": "Feature", "properties": { "Species": "Ular Tambang", "Latin": "Dendrelaphis pictus", "Coordinate": "-7.80582, 110.39655", "Link": null, "Group": "Reptil", "Latitude": -7.80582, "Longitude": 110.39655, "HSI": 2.0, "HabitatClass": "High", "Taxon_Normalized": "Reptil" }, "geometry": { "type": "Point", "coordinates": [ 110.39655, -7.80582 ] } },
{ "type": "Feature", "properties": { "Species": "Bunglon Jambul", "Latin": " Bronchocela cristatella", "Coordinate": "-7.80582, 110.39655", "Link": null, "Group": "Reptil", "Latitude": -7.80582, "Longitude": 110.39655, "HSI": 2.0, "HabitatClass": "High", "Taxon_Normalized": "Reptil" }, "geometry": { "type": "Point", "coordinates": [ 110.39655, -7.80582 ] } },
{ "type": "Feature", "properties": { "Species": "Ular Segitiga Merah", "Latin": "Xenochrophis trianguligerus", "Coordinate": "-7.80582, 110.39655", "Link": null, "Group": "Reptil", "Latitude": -7.80582, "Longitude": 110.39655, "HSI": 2.0, "HabitatClass": "High", "Taxon_Normalized": "Reptil" }, "geometry": { "type": "Point", "coordinates": [ 110.39655, -7.80582 ] } },
{ "type": "Feature", "properties": { "Species": "Kadal Hutan Bergaris Kuning", "Latin": "Sphenomorphus sanctus", "Coordinate": "-7.80527, 110.39833", "Link": null, "Group": "Reptil", "Latitude": -7.80527, "Longitude": 110.39833, "HSI": 1.0, "HabitatClass": "High", "Taxon_Normalized": "Reptil" }, "geometry": { "type": "Point", "coordinates": [ 110.39833, -7.80527 ] } },
{ "type": "Feature", "properties": { "Species": "Cekakak Sungai", "Latin": "Todiramphus chloris", "Coordinate": "-7.80444, 110.39668", "Link": null, "Group": "Burung", "Latitude": -7.80444, "Longitude": 110.39668, "HSI": 3.0, "HabitatClass": "High", "Taxon_Normalized": "Burung" }, "geometry": { "type": "Point", "coordinates": [ 110.39668, -7.80444 ] } },
{ "type": "Feature", "properties": { "Species": "Kadal Hutan Bergaris Kuning", "Latin": "Sphenomorphus sanctus", "Coordinate": "-7.80444, 110.39722", "Link": null, "Group": "Reptil", "Latitude": -7.80444, "Longitude": 110.39722, "HSI": 3.0, "HabitatClass": "High", "Taxon_Normalized": "Reptil" }, "geometry": { "type": "Point", "coordinates": [ 110.39722, -7.80444 ] } },
{ "type": "Feature", "properties": { "Species": "Kadal", "Latin": "Subdoluseps bowringii", "Coordinate": "-7.80430, 110.39606", "Link": null, "Group": "Reptil", "Latitude": -7.8043, "Longitude": 110.39606, "HSI": 3.0, "HabitatClass": "High", "Taxon_Normalized": "Reptil" }, "geometry": { "type": "Point", "coordinates": [ 110.39606, -7.8043 ] } },
{ "type": "Feature", "properties": { "Species": "Cecak Tembok", "Latin": "Hemidactylus platyurus", "Coordinate": "-7.80413, 110.39798", "Link": null, "Group": "Reptil", "Latitude": -7.80413, "Longitude": 110.39798, "HSI": 3.0, "HabitatClass": "High", "Taxon_Normalized": "Reptil" }, "geometry": { "type": "Point", "coordinates": [ 110.39798, -7.80413 ] } },
{ "type": "Feature", "properties": { "Species": "Cekibar", "Latin": "Draco volans", "Coordinate": "-7.80404, 110.39737", "Link": null, "Group": "Reptil", "Latitude": -7.80404, "Longitude": 110.39737, "HSI": 3.0, "HabitatClass": "High", "Taxon_Normalized": "Reptil" }, "geometry": { "type": "Point", "coordinates": [ 110.39737, -7.80404 ] } },
{ "type": "Feature", "properties": { "Species": "Kadal Hutan Bergaris Kuning", "Latin": "Sphenomorphus sanctus", "Coordinate": "-7.80403, 110.39607", "Link": null, "Group": "Reptil", "Latitude": -7.80403, "Longitude": 110.39607, "HSI": 3.0, "HabitatClass": "High", "Taxon_Normalized": "Reptil" }, "geometry": { "type": "Point", "coordinates": [ 110.39607, -7.80403 ] } },
{ "type": "Feature", "properties": { "Species": "Katak-Pohon Bergaris", "Latin": "Polypedates leucomystax", "Coordinate": "-7.82325, 110.38314", "Link": null, "Group": "Amfibi", "Latitude": -7.82325, "Longitude": 110.38314, "HSI": 1.0, "HabitatClass": "High", "Taxon_Normalized": "Amfibi" }, "geometry": { "type": "Point", "coordinates": [ 110.38314, -7.82325 ] } },
{ "type": "Feature", "properties": { "Species": "Merpati Batu", "Latin": "Columba livia var. domestica", "Coordinate": "7.82274, 110.38438", "Link": null, "Group": "Burung", "Latitude": -7.82274, "Longitude": 110.38438, "HSI": 1.0, "HabitatClass": "High", "Taxon_Normalized": "Burung" }, "geometry": { "type": "Point", "coordinates": [ 110.38438, -7.82274 ] } },
{ "type": "Feature", "properties": { "Species": "Tikus Rumah", "Latin": "Rattus rattus", "Coordinate": "-7.80187, 110.38392", "Link": null, "Group": "Mamalia", "Latitude": -7.80187, "Longitude": 110.38392, "HSI": 2.0, "HabitatClass": "High", "Taxon_Normalized": "Mamalia" }, "geometry": { "type": "Point", "coordinates": [ 110.38392, -7.80187 ] } },
{ "type": "Feature", "properties": { "Species": "Belentung", "Latin": "Kaloula baleata", "Coordinate": "-7.80542, 110.38179", "Link": null, "Group": "Amfibi", "Latitude": -7.80542, "Longitude": 110.38179, "HSI": 2.0, "HabitatClass": "High", "Taxon_Normalized": "Amfibi" }, "geometry": { "type": "Point", "coordinates": [ 110.38179, -7.80542 ] } },
{ "type": "Feature", "properties": { "Species": "Bangkong Kolong", "Latin": "Duttaphrynus melanostictus", "Coordinate": "-7.78393, 110.38222", "Link": null, "Group": "Amfibi", "Latitude": -7.78393, "Longitude": 110.38222, "HSI": 1.0, "HabitatClass": "High", "Taxon_Normalized": "Amfibi" }, "geometry": { "type": "Point", "coordinates": [ 110.38222, -7.78393 ] } },
{ "type": "Feature", "properties": { "Species": "Hewan Pengerat", "Latin": "Mus musculus", "Coordinate": "-7.78370, 110.38289", "Link": null, "Group": "Mamalia", "Latitude": -7.7837, "Longitude": 110.38289, "HSI": 1.0, "HabitatClass": "High", "Taxon_Normalized": "Mamalia" }, "geometry": { "type": "Point", "coordinates": [ 110.38289, -7.7837 ] } },
{ "type": "Feature", "properties": { "Species": "Bunglon Taman", "Latin": "Calotes versicolor", "Coordinate": "-7.81223, 110.38057", "Link": null, "Group": "Reptil", "Latitude": -7.81223, "Longitude": 110.38057, "HSI": 1.0, "HabitatClass": "High", "Taxon_Normalized": "Reptil" }, "geometry": { "type": "Point", "coordinates": [ 110.38057, -7.81223 ] } },
{ "type": "Feature", "properties": { "Species": "Kucing Domestik", "Latin": "Felis catus", "Coordinate": "-7.79020, 110.38123", "Link": null, "Group": "Mamalia", "Latitude": -7.7902, "Longitude": 110.38123, "HSI": 2.0, "HabitatClass": "High", "Taxon_Normalized": "Mamalia" }, "geometry": { "type": "Point", "coordinates": [ 110.38123, -7.7902 ] } },
{ "type": "Feature", "properties": { "Species": "Tekukur", "Latin": "Spilopelia chinensis", "Coordinate": "-7.78224, 110.38104", "Link": null, "Group": "Burung", "Latitude": -7.78224, "Longitude": 110.38104, "HSI": 2.0, "HabitatClass": "High", "Taxon_Normalized": "Burung" }, "geometry": { "type": "Point", "coordinates": [ 110.38104, -7.78224 ] } },
{ "type": "Feature", "properties": { "Species": "Bengkarung", "Latin": "Eutropis multifasciata", "Coordinate": "-7.78222, 110.38101", "Link": null, "Group": "Reptil", "Latitude": -7.78222, "Longitude": 110.38101, "HSI": 2.0, "HabitatClass": "High", "Taxon_Normalized": "Reptil" }, "geometry": { "type": "Point", "coordinates": [ 110.38101, -7.78222 ] } },
{ "type": "Feature", "properties": { "Species": "Tokek Rumah", "Latin": "Gekko gecko", "Coordinate": "-7.78219, 110.38099", "Link": null, "Group": "Reptil", "Latitude": -7.78219, "Longitude": 110.38099, "HSI": 2.0, "HabitatClass": "High", "Taxon_Normalized": "Reptil" }, "geometry": { "type": "Point", "coordinates": [ 110.38099, -7.78219 ] } },
{ "type": "Feature", "properties": { "Species": "Bengkarung", "Latin": "Eutropis multifasciata", "Coordinate": "-7.80176, 110.38487", "Link": null, "Group": "Reptil", "Latitude": -7.80176, "Longitude": 110.38487, "HSI": 1.0, "HabitatClass": "High", "Taxon_Normalized": "Reptil" }, "geometry": { "type": "Point", "coordinates": [ 110.38487, -7.80176 ] } },
{ "type": "Feature", "properties": { "Species": "Tokek Rumah", "Latin": "Gekko gecko", "Coordinate": "-7.80169, 110.38486", "Link": null, "Group": "Reptil", "Latitude": -7.80169, "Longitude": 110.38486, "HSI": 1.0, "HabitatClass": "High", "Taxon_Normalized": "Reptil" }, "geometry": { "type": "Point", "coordinates": [ 110.38486, -7.80169 ] } },
{ "type": "Feature", "properties": { "Species": "Cecak Tembok", "Latin": "Hemidactylus platyurus", "Coordinate": "-7.79292, 110.38391", "Link": null, "Group": "Reptil", "Latitude": -7.79292, "Longitude": 110.38391, "HSI": 2.0, "HabitatClass": "High", "Taxon_Normalized": "Reptil" }, "geometry": { "type": "Point", "coordinates": [ 110.38391, -7.79292 ] } },
{ "type": "Feature", "properties": { "Species": "Bangkong Kolong", "Latin": "Duttaphrynus melanostictus", "Coordinate": "-7.79292, 110.38391", "Link": null, "Group": "Amfibi", "Latitude": -7.79292, "Longitude": 110.38391, "HSI": 2.0, "HabitatClass": "High", "Taxon_Normalized": "Amfibi" }, "geometry": { "type": "Point", "coordinates": [ 110.38391, -7.79292 ] } },
{ "type": "Feature", "properties": { "Species": "Katak-Pohon Bergaris", "Latin": "Polypedates leucomystax", "Coordinate": "-7.78372, 110.38312", "Link": null, "Group": "Amfibi", "Latitude": -7.78372, "Longitude": 110.38312, "HSI": 1.0, "HabitatClass": "High", "Taxon_Normalized": "Amfibi" }, "geometry": { "type": "Point", "coordinates": [ 110.38312, -7.78372 ] } },
{ "type": "Feature", "properties": { "Species": "Cecak Tembok", "Latin": "Hemidactylus platyurus", "Coordinate": "-7.78289, 110.38353", "Link": null, "Group": "Reptil", "Latitude": -7.78289, "Longitude": 110.38353, "HSI": 1.0, "HabitatClass": "High", "Taxon_Normalized": "Reptil" }, "geometry": { "type": "Point", "coordinates": [ 110.38353, -7.78289 ] } },
{ "type": "Feature", "properties": { "Species": "Kodok", "Latin": "Pelodryas caerulea", "Coordinate": "-7.80395, 110.39811", "Link": null, "Group": "Amfibi", "Latitude": -7.80395, "Longitude": 110.39811, "HSI": 1.0, "HabitatClass": "High", "Taxon_Normalized": "Amfibi" }, "geometry": { "type": "Point", "coordinates": [ 110.39811, -7.80395 ] } },
{ "type": "Feature", "properties": { "Species": "Kura-kura/Penyu", "Latin": "Emydura subglobosa", "Coordinate": "-7.80395, 110.39811", "Link": null, "Group": "Reptil", "Latitude": -7.80395, "Longitude": 110.39811, "HSI": 1.0, "HabitatClass": "High", "Taxon_Normalized": "Reptil" }, "geometry": { "type": "Point", "coordinates": [ 110.39811, -7.80395 ] } },
{ "type": "Feature", "properties": { "Species": "Kura-kura", "Latin": "Chelonoidis carbonarius", "Coordinate": "-7.80381, 110.39582", "Link": null, "Group": "Reptil", "Latitude": -7.80381, "Longitude": 110.39582, "HSI": 3.0, "HabitatClass": "High", "Taxon_Normalized": "Reptil" }, "geometry": { "type": "Point", "coordinates": [ 110.39582, -7.80381 ] } },
{ "type": "Feature", "properties": { "Species": "Burung-Gereja Erasia", "Latin": "Passer montanus", "Coordinate": "-7.80306, 110.39655", "Link": null, "Group": "Burung", "Latitude": -7.80306, "Longitude": 110.39655, "HSI": 3.0, "HabitatClass": "High", "Taxon_Normalized": "Burung" }, "geometry": { "type": "Point", "coordinates": [ 110.39655, -7.80306 ] } },
{ "type": "Feature", "properties": { "Species": "Ular Air Belang", "Latin": "Homalopsis buccata", "Coordinate": "-7.80109, 110.39841", "Link": null, "Group": "Reptil", "Latitude": -7.80109, "Longitude": 110.39841, "HSI": 2.0, "HabitatClass": "High", "Taxon_Normalized": "Reptil" }, "geometry": { "type": "Point", "coordinates": [ 110.39841, -7.80109 ] } },
{ "type": "Feature", "properties": { "Species": "Punai Gading", "Latin": "Treron vernans", "Coordinate": "-7.80058, 110.39638", "Link": null, "Group": "Burung", "Latitude": -7.80058, "Longitude": 110.39638, "HSI": 2.0, "HabitatClass": "High", "Taxon_Normalized": "Burung" }, "geometry": { "type": "Point", "coordinates": [ 110.39638, -7.80058 ] } },
{ "type": "Feature", "properties": { "Species": "Cecak Kayu", "Latin": "Hemidactylus frenatus", "Coordinate": "-7.80046, 110.39712", "Link": null, "Group": "Reptil", "Latitude": -7.80046, "Longitude": 110.39712, "HSI": 1.0, "HabitatClass": "High", "Taxon_Normalized": "Reptil" }, "geometry": { "type": "Point", "coordinates": [ 110.39712, -7.80046 ] } },
{ "type": "Feature", "properties": { "Species": "Cecak Tembok", "Latin": "Hemidactylus platyurus", "Coordinate": "-7.80213, 110.39278", "Link": null, "Group": "Reptil", "Latitude": -7.80213, "Longitude": 110.39278, "HSI": 2.0, "HabitatClass": "High", "Taxon_Normalized": "Reptil" }, "geometry": { "type": "Point", "coordinates": [ 110.39278, -7.80213 ] } },
{ "type": "Feature", "properties": { "Species": "Katak-Pohon Bergaris", "Latin": "Polypedates leucomystax", "Coordinate": "-7.80065, 110.38807", "Link": null, "Group": "Amfibi", "Latitude": -7.80065, "Longitude": 110.38807, "HSI": 2.0, "HabitatClass": "High", "Taxon_Normalized": "Amfibi" }, "geometry": { "type": "Point", "coordinates": [ 110.38807, -7.80065 ] } },
{ "type": "Feature", "properties": { "Species": "Cecak Tembok", "Latin": "Hemidactylus platyurus", "Coordinate": "-7.80008, 110.39430", "Link": null, "Group": "Reptil", "Latitude": -7.80008, "Longitude": 110.3943, "HSI": 2.0, "HabitatClass": "High", "Taxon_Normalized": "Reptil" }, "geometry": { "type": "Point", "coordinates": [ 110.3943, -7.80008 ] } },
{ "type": "Feature", "properties": { "Species": "Bunglon Taman", "Latin": "Calotes versicolor", "Coordinate": "-7.79987, 110.39241", "Link": null, "Group": "Reptil", "Latitude": -7.79987, "Longitude": 110.39241, "HSI": 2.0, "HabitatClass": "High", "Taxon_Normalized": "Reptil" }, "geometry": { "type": "Point", "coordinates": [ 110.39241, -7.79987 ] } },
{ "type": "Feature", "properties": { "Species": "Perkutut", "Latin": "Geopelia striata", "Coordinate": "-7.79902, 110.39302", "Link": null, "Group": "Burung", "Latitude": -7.79902, "Longitude": 110.39302, "HSI": 1.0, "HabitatClass": "High", "Taxon_Normalized": "Burung" }, "geometry": { "type": "Point", "coordinates": [ 110.39302, -7.79902 ] } },
{ "type": "Feature", "properties": { "Species": "Cecak", "Latin": "Lepidodactylus lugubris", "Coordinate": "-7.79899, 110.39364", "Link": null, "Group": "Reptil", "Latitude": -7.79899, "Longitude": 110.39364, "HSI": 1.0, "HabitatClass": "High", "Taxon_Normalized": "Reptil" }, "geometry": { "type": "Point", "coordinates": [ 110.39364, -7.79899 ] } },
{ "type": "Feature", "properties": { "Species": "Cecak Gula", "Latin": "Gehyra mutilata", "Coordinate": "-7.79896, 110.39347", "Link": null, "Group": "Reptil", "Latitude": -7.79896, "Longitude": 110.39347, "HSI": 1.0, "HabitatClass": "High", "Taxon_Normalized": "Reptil" }, "geometry": { "type": "Point", "coordinates": [ 110.39347, -7.79896 ] } },
{ "type": "Feature", "properties": { "Species": "Bunglon Taman", "Latin": "Calotes versicolor", "Coordinate": "-7.79860, 110.39194", "Link": null, "Group": "Reptil", "Latitude": -7.7986, "Longitude": 110.39194, "HSI": 3.0, "HabitatClass": "High", "Taxon_Normalized": "Reptil" }, "geometry": { "type": "Point", "coordinates": [ 110.39194, -7.7986 ] } },
{ "type": "Feature", "properties": { "Species": "Bunglon Taman", "Latin": "Calotes versicolor", "Coordinate": "-7.79776, 110.39427", "Link": null, "Group": "Reptil", "Latitude": -7.79776, "Longitude": 110.39427, "HSI": 1.0, "HabitatClass": "High", "Taxon_Normalized": "Reptil" }, "geometry": { "type": "Point", "coordinates": [ 110.39427, -7.79776 ] } },
{ "type": "Feature", "properties": { "Species": "Bengkarung", "Latin": "Eutropis multifasciata", "Coordinate": "-7.79749, 110.39422", "Link": null, "Group": "Reptil", "Latitude": -7.79749, "Longitude": 110.39422, "HSI": 1.0, "HabitatClass": "High", "Taxon_Normalized": "Reptil" }, "geometry": { "type": "Point", "coordinates": [ 110.39422, -7.79749 ] } },
{ "type": "Feature", "properties": { "Species": "Bunglon Taman", "Latin": "Calotes versicolor", "Coordinate": "-7.79546, 110.39567", "Link": null, "Group": "Reptil", "Latitude": -7.79546, "Longitude": 110.39567, "HSI": 3.0, "HabitatClass": "High", "Taxon_Normalized": "Reptil" }, "geometry": { "type": "Point", "coordinates": [ 110.39567, -7.79546 ] } },
{ "type": "Feature", "properties": { "Species": "Bengkarung", "Latin": "Eutropis multifasciata", "Coordinate": "-7.79511, 110.39585", "Link": null, "Group": "Reptil", "Latitude": -7.79511, "Longitude": 110.39585, "HSI": 2.0, "HabitatClass": "High", "Taxon_Normalized": "Reptil" }, "geometry": { "type": "Point", "coordinates": [ 110.39585, -7.79511 ] } },
{ "type": "Feature", "properties": { "Species": "Bangkong Kolong", "Latin": "Duttaphrynus melanostictus", "Coordinate": "-7.79511, 110.39585", "Link": null, "Group": "Amfibi", "Latitude": -7.79511, "Longitude": 110.39585, "HSI": 2.0, "HabitatClass": "High", "Taxon_Normalized": "Amfibi" }, "geometry": { "type": "Point", "coordinates": [ 110.39585, -7.79511 ] } },
{ "type": "Feature", "properties": { "Species": "Merpati Batu", "Latin": "Columba livia var. domestica", "Coordinate": "-7.79749, 110.39422", "Link": null, "Group": "Burung", "Latitude": -7.79749, "Longitude": 110.39422, "HSI": 1.0, "HabitatClass": "High", "Taxon_Normalized": "Burung" }, "geometry": { "type": "Point", "coordinates": [ 110.39422, -7.79749 ] } },
{ "type": "Feature", "properties": { "Species": "Bunglon Surai", "Latin": "Bronchocela jubata", "Coordinate": "-7.79749, 110.39422", "Link": null, "Group": "Reptil", "Latitude": -7.79749, "Longitude": 110.39422, "HSI": 1.0, "HabitatClass": "High", "Taxon_Normalized": "Reptil" }, "geometry": { "type": "Point", "coordinates": [ 110.39422, -7.79749 ] } },
{ "type": "Feature", "properties": { "Species": "Bangkong Kolong", "Latin": "Duttaphrynus melanostictus", "Coordinate": "-7.79575, 110.38861", "Link": null, "Group": "Amfibi", "Latitude": -7.79575, "Longitude": 110.38861, "HSI": 1.0, "HabitatClass": "High", "Taxon_Normalized": "Amfibi" }, "geometry": { "type": "Point", "coordinates": [ 110.38861, -7.79575 ] } },
{ "type": "Feature", "properties": { "Species": "Cecak Kayu", "Latin": "Hemidactylus frenatus", "Coordinate": "-7.79353, 110.39479", "Link": null, "Group": "Reptil", "Latitude": -7.79353, "Longitude": 110.39479, "HSI": 2.0, "HabitatClass": "High", "Taxon_Normalized": "Reptil" }, "geometry": { "type": "Point", "coordinates": [ 110.39479, -7.79353 ] } },
{ "type": "Feature", "properties": { "Species": "Merbah Cerukcuk", "Latin": "Pycnonotus goiavier", "Coordinate": "-7.79214, 110.38794", "Link": null, "Group": "Burung", "Latitude": -7.79214, "Longitude": 110.38794, "HSI": 1.0, "HabitatClass": "High", "Taxon_Normalized": "Burung" }, "geometry": { "type": "Point", "coordinates": [ 110.38794, -7.79214 ] } },
{ "type": "Feature", "properties": { "Species": "Kutilang", "Latin": "Pycnonotus aurigaster", "Coordinate": "-7.78840, 110.39352", "Link": null, "Group": "Burung", "Latitude": -7.7884, "Longitude": 110.39352, "HSI": 2.0, "HabitatClass": "High", "Taxon_Normalized": "Burung" }, "geometry": { "type": "Point", "coordinates": [ 110.39352, -7.7884 ] } },
{ "type": "Feature", "properties": { "Species": "Cecak Tembok", "Latin": "Hemidactylus platyurus", "Coordinate": "-7.78657, 110.38822", "Link": null, "Group": "Reptil", "Latitude": -7.78657, "Longitude": 110.38822, "HSI": 1.0, "HabitatClass": "High", "Taxon_Normalized": "Reptil" }, "geometry": { "type": "Point", "coordinates": [ 110.38822, -7.78657 ] } },
{ "type": "Feature", "properties": { "Species": "Perkutut", "Latin": "Geopelia striata", "Coordinate": "-7.78643, 110.38655", "Link": null, "Group": "Burung", "Latitude": -7.78643, "Longitude": 110.38655, "HSI": 1.0, "HabitatClass": "High", "Taxon_Normalized": "Burung" }, "geometry": { "type": "Point", "coordinates": [ 110.38655, -7.78643 ] } },
{ "type": "Feature", "properties": { "Species": "Ular Segitiga Merah", "Latin": "Xenochrophis trianguligerus", "Coordinate": "-7.79070, 110.39652", "Link": null, "Group": "Reptil", "Latitude": -7.7907, "Longitude": 110.39652, "HSI": 2.0, "HabitatClass": "High", "Taxon_Normalized": "Reptil" }, "geometry": { "type": "Point", "coordinates": [ 110.39652, -7.7907 ] } },
{ "type": "Feature", "properties": { "Species": "Bunglon Taman", "Latin": "Calotes versicolor", "Coordinate": "-7.80789, 110.38032", "Link": null, "Group": "Reptil", "Latitude": -7.80789, "Longitude": 110.38032, "HSI": 1.0, "HabitatClass": "High", "Taxon_Normalized": "Reptil" }, "geometry": { "type": "Point", "coordinates": [ 110.38032, -7.80789 ] } },
{ "type": "Feature", "properties": { "Species": "Biawak", "Latin": "Varanus salvator ssp. bivittatus", "Coordinate": "-7.79348, 110.37963", "Link": null, "Group": "Reptil", "Latitude": -7.79348, "Longitude": 110.37963, "HSI": 1.0, "HabitatClass": "High", "Taxon_Normalized": "Reptil" }, "geometry": { "type": "Point", "coordinates": [ 110.37963, -7.79348 ] } },
{ "type": "Feature", "properties": { "Species": "Burung-Gereja Erasia", "Latin": "Passer montanus", "Coordinate": "-7.79858, 110.37854", "Link": null, "Group": "Burung", "Latitude": -7.79858, "Longitude": 110.37854, "HSI": 2.0, "HabitatClass": "High", "Taxon_Normalized": "Burung" }, "geometry": { "type": "Point", "coordinates": [ 110.37854, -7.79858 ] } },
{ "type": "Feature", "properties": { "Species": "Bunglon Taman", "Latin": "Calotes versicolor", "Coordinate": "-7.78912, 110.37829", "Link": null, "Group": "Reptil", "Latitude": -7.78912, "Longitude": 110.37829, "HSI": 1.0, "HabitatClass": "High", "Taxon_Normalized": "Reptil" }, "geometry": { "type": "Point", "coordinates": [ 110.37829, -7.78912 ] } },
{ "type": "Feature", "properties": { "Species": "Ular Bangkai Laut", "Latin": "Trimeresurus albolabris", "Coordinate": "-7.78348, 110.37770", "Link": null, "Group": "Reptil", "Latitude": -7.78348, "Longitude": 110.3777, "HSI": 1.0, "HabitatClass": "High", "Taxon_Normalized": "Reptil" }, "geometry": { "type": "Point", "coordinates": [ 110.3777, -7.78348 ] } },
{ "type": "Feature", "properties": { "Species": "Burung-Gereja Erasia", "Latin": "Passer montanus", "Coordinate": "-7.79256, 110.37713", "Link": null, "Group": "Burung", "Latitude": -7.79256, "Longitude": 110.37713, "HSI": 1.0, "HabitatClass": "High", "Taxon_Normalized": "Burung" }, "geometry": { "type": "Point", "coordinates": [ 110.37713, -7.79256 ] } },
{ "type": "Feature", "properties": { "Species": "Bangkong Kolong", "Latin": "Duttaphrynus melanostictus", "Coordinate": "-7.78370, 110.37660", "Link": null, "Group": "Amfibi", "Latitude": -7.7837, "Longitude": 110.3766, "HSI": 1.0, "HabitatClass": "High", "Taxon_Normalized": "Amfibi" }, "geometry": { "type": "Point", "coordinates": [ 110.3766, -7.7837 ] } },
{ "type": "Feature", "properties": { "Species": "Burung-Gereja Erasia", "Latin": "Passer montanus", "Coordinate": "-7.78010, 110.37710", "Link": null, "Group": "Burung", "Latitude": -7.7801, "Longitude": 110.3771, "HSI": 2.0, "HabitatClass": "High", "Taxon_Normalized": "Burung" }, "geometry": { "type": "Point", "coordinates": [ 110.3771, -7.7801 ] } },
{ "type": "Feature", "properties": { "Species": "Cecak Gula", "Latin": "Gehyra mutilata", "Coordinate": "-7.77973, 110.37720", "Link": null, "Group": "Reptil", "Latitude": -7.77973, "Longitude": 110.3772, "HSI": 2.0, "HabitatClass": "High", "Taxon_Normalized": "Reptil" }, "geometry": { "type": "Point", "coordinates": [ 110.3772, -7.77973 ] } },
{ "type": "Feature", "properties": { "Species": "Burung-Gereja Erasia", "Latin": "Passer montanus", "Coordinate": "-7.77954, 110.37743", "Link": null, "Group": "Burung", "Latitude": -7.77954, "Longitude": 110.37743, "HSI": 1.0, "HabitatClass": "High", "Taxon_Normalized": "Burung" }, "geometry": { "type": "Point", "coordinates": [ 110.37743, -7.77954 ] } },
{ "type": "Feature", "properties": { "Species": "Tekukur", "Latin": "Spilopelia chinensis", "Coordinate": "-7.77954, 110.37743", "Link": null, "Group": "Burung", "Latitude": -7.77954, "Longitude": 110.37743, "HSI": 1.0, "HabitatClass": "High", "Taxon_Normalized": "Burung" }, "geometry": { "type": "Point", "coordinates": [ 110.37743, -7.77954 ] } },
{ "type": "Feature", "properties": { "Species": "Merpati Batu", "Latin": "Columba livia var. domestica", "Coordinate": "-7.82567, 110.35531", "Link": null, "Group": "Burung", "Latitude": -7.82567, "Longitude": 110.35531, "HSI": 3.0, "HabitatClass": "High", "Taxon_Normalized": "Burung" }, "geometry": { "type": "Point", "coordinates": [ 110.35531, -7.82567 ] } },
{ "type": "Feature", "properties": { "Species": "Katak-Pohon Bergaris", "Latin": "Polypedates leucomystax", "Coordinate": "-7.8213, 110.36591", "Link": null, "Group": "Amfibi", "Latitude": -7.8213, "Longitude": 110.36591, "HSI": 1.0, "HabitatClass": "High", "Taxon_Normalized": "Amfibi" }, "geometry": { "type": "Point", "coordinates": [ 110.36591, -7.8213 ] } },
{ "type": "Feature", "properties": { "Species": "Bondol Haji", "Latin": "Lonchura maja", "Coordinate": "-7.81991, 110.36943", "Link": null, "Group": "Burung", "Latitude": -7.81991, "Longitude": 110.36943, "HSI": 1.0, "HabitatClass": "High", "Taxon_Normalized": "Burung" }, "geometry": { "type": "Point", "coordinates": [ 110.36943, -7.81991 ] } },
{ "type": "Feature", "properties": { "Species": "Katak-Pohon Bergaris", "Latin": "Polypedates leucomystax", "Coordinate": "-7.81957, 110.36948", "Link": null, "Group": "Amfibi", "Latitude": -7.81957, "Longitude": 110.36948, "HSI": 1.0, "HabitatClass": "High", "Taxon_Normalized": "Amfibi" }, "geometry": { "type": "Point", "coordinates": [ 110.36948, -7.81957 ] } },
{ "type": "Feature", "properties": { "Species": "Perkutut", "Latin": "Geopelia striata", "Coordinate": "-7.81864, 110.36501", "Link": null, "Group": "Burung", "Latitude": -7.81864, "Longitude": 110.36501, "HSI": 2.0, "HabitatClass": "High", "Taxon_Normalized": "Burung" }, "geometry": { "type": "Point", "coordinates": [ 110.36501, -7.81864 ] } },
{ "type": "Feature", "properties": { "Species": "Perkutut", "Latin": "Geopelia striata", "Coordinate": "-7.81845, 110.36815", "Link": null, "Group": "Burung", "Latitude": -7.81845, "Longitude": 110.36815, "HSI": 1.0, "HabitatClass": "High", "Taxon_Normalized": "Burung" }, "geometry": { "type": "Point", "coordinates": [ 110.36815, -7.81845 ] } },
{ "type": "Feature", "properties": { "Species": "Bunglon Taman", "Latin": "Calotes versicolor", "Coordinate": "-7.81825, 110.36525", "Link": null, "Group": "Reptil", "Latitude": -7.81825, "Longitude": 110.36525, "HSI": 1.0, "HabitatClass": "High", "Taxon_Normalized": "Reptil" }, "geometry": { "type": "Point", "coordinates": [ 110.36525, -7.81825 ] } },
{ "type": "Feature", "properties": { "Species": "Merbah Cerukcuk", "Latin": "Pycnonotus goiavier", "Coordinate": "-7.81799, 110.36979", "Link": null, "Group": "Burung", "Latitude": -7.81799, "Longitude": 110.36979, "HSI": 1.0, "HabitatClass": "High", "Taxon_Normalized": "Burung" }, "geometry": { "type": "Point", "coordinates": [ 110.36979, -7.81799 ] } },
{ "type": "Feature", "properties": { "Species": "Bunglon Taman", "Latin": "Calotes versicolor", "Coordinate": "-7.82520, 110.35437", "Link": null, "Group": "Reptil", "Latitude": -7.8252, "Longitude": 110.35437, "HSI": 3.0, "HabitatClass": "High", "Taxon_Normalized": "Reptil" }, "geometry": { "type": "Point", "coordinates": [ 110.35437, -7.8252 ] } },
{ "type": "Feature", "properties": { "Species": "Merpati Batu", "Latin": "Columba livia var. domestica", "Coordinate": "-7.82483, 110.35414", "Link": null, "Group": "Burung", "Latitude": -7.82483, "Longitude": 110.35414, "HSI": 3.0, "HabitatClass": "High", "Taxon_Normalized": "Burung" }, "geometry": { "type": "Point", "coordinates": [ 110.35414, -7.82483 ] } },
{ "type": "Feature", "properties": { "Species": "Bunglon Surai", "Latin": "Bronchocela jubata", "Coordinate": "-7.82476, 110.35452", "Link": null, "Group": "Reptil", "Latitude": -7.82476, "Longitude": 110.35452, "HSI": 2.0, "HabitatClass": "High", "Taxon_Normalized": "Reptil" }, "geometry": { "type": "Point", "coordinates": [ 110.35452, -7.82476 ] } },
{ "type": "Feature", "properties": { "Species": "Bengkarung", "Latin": "Eutropis multifasciata", "Coordinate": "-7.82455, 110.35404", "Link": null, "Group": "Reptil", "Latitude": -7.82455, "Longitude": 110.35404, "HSI": 2.0, "HabitatClass": "High", "Taxon_Normalized": "Reptil" }, "geometry": { "type": "Point", "coordinates": [ 110.35404, -7.82455 ] } },
{ "type": "Feature", "properties": { "Species": "Bengkarung", "Latin": "Eutropis multifasciata", "Coordinate": "-7.82358, 110.35516", "Link": null, "Group": "Reptil", "Latitude": -7.82358, "Longitude": 110.35516, "HSI": 1.0, "HabitatClass": "High", "Taxon_Normalized": "Reptil" }, "geometry": { "type": "Point", "coordinates": [ 110.35516, -7.82358 ] } },
{ "type": "Feature", "properties": { "Species": "Cecak Tembok", "Latin": "Hemidactylus platyurus", "Coordinate": "-7.82290, 110.35828", "Link": null, "Group": "Reptil", "Latitude": -7.8229, "Longitude": 110.35828, "HSI": 1.0, "HabitatClass": "High", "Taxon_Normalized": "Reptil" }, "geometry": { "type": "Point", "coordinates": [ 110.35828, -7.8229 ] } },
{ "type": "Feature", "properties": { "Species": "Sanca Kembang", "Latin": "Malayopython reticulatus", "Coordinate": "-7.82072, 110.35547", "Link": null, "Group": "Reptil", "Latitude": -7.82072, "Longitude": 110.35547, "HSI": 1.0, "HabitatClass": "High", "Taxon_Normalized": "Reptil" }, "geometry": { "type": "Point", "coordinates": [ 110.35547, -7.82072 ] } },
{ "type": "Feature", "properties": { "Species": "Bondol Jawa", "Latin": "Lonchura leucogastroides", "Coordinate": "-7.81961, 110.35769", "Link": null, "Group": "Burung", "Latitude": -7.81961, "Longitude": 110.35769, "HSI": 1.0, "HabitatClass": "High", "Taxon_Normalized": "Burung" }, "geometry": { "type": "Point", "coordinates": [ 110.35769, -7.81961 ] } },
{ "type": "Feature", "properties": { "Species": "Merpati Batu", "Latin": "Columba livia var. domestica", "Coordinate": "-7.81961, 110.35554", "Link": null, "Group": "Burung", "Latitude": -7.81961, "Longitude": 110.35554, "HSI": 1.0, "HabitatClass": "High", "Taxon_Normalized": "Burung" }, "geometry": { "type": "Point", "coordinates": [ 110.35554, -7.81961 ] } },
{ "type": "Feature", "properties": { "Species": "Kongkang Kolam Jawa", "Latin": "Hylarana chalconota", "Coordinate": "-7.81961, 110.35554", "Link": null, "Group": "Amfibi", "Latitude": -7.81961, "Longitude": 110.35554, "HSI": 1.0, "HabitatClass": "High", "Taxon_Normalized": "Amfibi" }, "geometry": { "type": "Point", "coordinates": [ 110.35554, -7.81961 ] } },
{ "type": "Feature", "properties": { "Species": "Burung-Gereja Erasia", "Latin": "Passer montanus", "Coordinate": "-7.81944, 110.36109", "Link": null, "Group": "Burung", "Latitude": -7.81944, "Longitude": 110.36109, "HSI": 1.0, "HabitatClass": "High", "Taxon_Normalized": "Burung" }, "geometry": { "type": "Point", "coordinates": [ 110.36109, -7.81944 ] } },
{ "type": "Feature", "properties": { "Species": "Perkutut", "Latin": "Geopelia striata", "Coordinate": "-7.81944, 110.36109", "Link": null, "Group": "Burung", "Latitude": -7.81944, "Longitude": 110.36109, "HSI": 1.0, "HabitatClass": "High", "Taxon_Normalized": "Burung" }, "geometry": { "type": "Point", "coordinates": [ 110.36109, -7.81944 ] } },
{ "type": "Feature", "properties": { "Species": "Perkutut", "Latin": "Geopelia striata", "Coordinate": "-7.81920, 110.36132", "Link": null, "Group": "Burung", "Latitude": -7.8192, "Longitude": 110.36132, "HSI": 1.0, "HabitatClass": "High", "Taxon_Normalized": "Burung" }, "geometry": { "type": "Point", "coordinates": [ 110.36132, -7.8192 ] } },
{ "type": "Feature", "properties": { "Species": "Bunglon Taman", "Latin": "Calotes versicolor", "Coordinate": "-7.81855, 110.36205", "Link": null, "Group": "Reptil", "Latitude": -7.81855, "Longitude": 110.36205, "HSI": 2.0, "HabitatClass": "High", "Taxon_Normalized": "Reptil" }, "geometry": { "type": "Point", "coordinates": [ 110.36205, -7.81855 ] } },
{ "type": "Feature", "properties": { "Species": "Bengkarung", "Latin": "Eutropis multifasciata", "Coordinate": "-7.81765, 110.36638", "Link": null, "Group": "Reptil", "Latitude": -7.81765, "Longitude": 110.36638, "HSI": 2.0, "HabitatClass": "High", "Taxon_Normalized": "Reptil" }, "geometry": { "type": "Point", "coordinates": [ 110.36638, -7.81765 ] } },
{ "type": "Feature", "properties": { "Species": "Merbah Cerukcuk", "Latin": "Pycnonotus goiavier", "Coordinate": "-7.81674, 110.36952", "Link": null, "Group": "Burung", "Latitude": -7.81674, "Longitude": 110.36952, "HSI": 1.0, "HabitatClass": "High", "Taxon_Normalized": "Burung" }, "geometry": { "type": "Point", "coordinates": [ 110.36952, -7.81674 ] } },
{ "type": "Feature", "properties": { "Species": "Cecak Tembok", "Latin": "Hemidactylus platyurus", "Coordinate": "-7.81319, 110.36628", "Link": null, "Group": "Reptil", "Latitude": -7.81319, "Longitude": 110.36628, "HSI": 2.0, "HabitatClass": "High", "Taxon_Normalized": "Reptil" }, "geometry": { "type": "Point", "coordinates": [ 110.36628, -7.81319 ] } },
{ "type": "Feature", "properties": { "Species": "Merbah Cerukcuk", "Latin": "Pycnonotus goiavier", "Coordinate": "-7.81313, 110.36619", "Link": null, "Group": "Burung", "Latitude": -7.81313, "Longitude": 110.36619, "HSI": 2.0, "HabitatClass": "High", "Taxon_Normalized": "Burung" }, "geometry": { "type": "Point", "coordinates": [ 110.36619, -7.81313 ] } },
{ "type": "Feature", "properties": { "Species": "Perkutut", "Latin": "Geopelia striata", "Coordinate": "-7.81302, 110.36633", "Link": null, "Group": "Burung", "Latitude": -7.81302, "Longitude": 110.36633, "HSI": 1.0, "HabitatClass": "High", "Taxon_Normalized": "Burung" }, "geometry": { "type": "Point", "coordinates": [ 110.36633, -7.81302 ] } },
{ "type": "Feature", "properties": { "Species": "Punai Gading", "Latin": "Treron vernans", "Coordinate": "-7.81300, 110.36627", "Link": null, "Group": "Burung", "Latitude": -7.813, "Longitude": 110.36627, "HSI": 1.0, "HabitatClass": "High", "Taxon_Normalized": "Burung" }, "geometry": { "type": "Point", "coordinates": [ 110.36627, -7.813 ] } },
{ "type": "Feature", "properties": { "Species": "Tekukur", "Latin": "Spilopelia chinensis", "Coordinate": "-7.81295, 110.36637", "Link": null, "Group": "Burung", "Latitude": -7.81295, "Longitude": 110.36637, "HSI": 1.0, "HabitatClass": "High", "Taxon_Normalized": "Burung" }, "geometry": { "type": "Point", "coordinates": [ 110.36637, -7.81295 ] } },
{ "type": "Feature", "properties": { "Species": "Bondol Jawa", "Latin": "Lonchura leucogastroides", "Coordinate": "-7.81268, 110.3664", "Link": null, "Group": "Burung", "Latitude": -7.81268, "Longitude": 110.3664, "HSI": 1.0, "HabitatClass": "High", "Taxon_Normalized": "Burung" }, "geometry": { "type": "Point", "coordinates": [ 110.3664, -7.81268 ] } },
{ "type": "Feature", "properties": { "Species": "Tekukur", "Latin": "Spilopelia chinensis", "Coordinate": "-7.81266, 110.36642", "Link": null, "Group": "Burung", "Latitude": -7.81266, "Longitude": 110.36642, "HSI": 2.0, "HabitatClass": "High", "Taxon_Normalized": "Burung" }, "geometry": { "type": "Point", "coordinates": [ 110.36642, -7.81266 ] } },
{ "type": "Feature", "properties": { "Species": "Merbah Cerukcuk", "Latin": "Pycnonotus goiavier", "Coordinate": "-7.81265, 110.36645", "Link": null, "Group": "Burung", "Latitude": -7.81265, "Longitude": 110.36645, "HSI": 2.0, "HabitatClass": "High", "Taxon_Normalized": "Burung" }, "geometry": { "type": "Point", "coordinates": [ 110.36645, -7.81265 ] } },
{ "type": "Feature", "properties": { "Species": "Tekukur", "Latin": "Spilopelia chinensis", "Coordinate": "-7.81841, 110.36428", "Link": null, "Group": "Burung", "Latitude": -7.81841, "Longitude": 110.36428, "HSI": 1.0, "HabitatClass": "High", "Taxon_Normalized": "Burung" }, "geometry": { "type": "Point", "coordinates": [ 110.36428, -7.81841 ] } },
{ "type": "Feature", "properties": { "Species": "Bunglon Taman", "Latin": "Calotes versicolor", "Coordinate": "-7.81347, 110.36148", "Link": null, "Group": "Reptil", "Latitude": -7.81347, "Longitude": 110.36148, "HSI": 2.0, "HabitatClass": "High", "Taxon_Normalized": "Reptil" }, "geometry": { "type": "Point", "coordinates": [ 110.36148, -7.81347 ] } },
{ "type": "Feature", "properties": { "Species": "Tekukur", "Latin": "Spilopelia chinensis", "Coordinate": "-7.81244, 110.36281", "Link": null, "Group": "Burung", "Latitude": -7.81244, "Longitude": 110.36281, "HSI": 2.0, "HabitatClass": "High", "Taxon_Normalized": "Burung" }, "geometry": { "type": "Point", "coordinates": [ 110.36281, -7.81244 ] } },
{ "type": "Feature", "properties": { "Species": "Tekukur", "Latin": "Spilopelia chinensis", "Coordinate": "-7.81242, 110.36289", "Link": null, "Group": "Burung", "Latitude": -7.81242, "Longitude": 110.36289, "HSI": 2.0, "HabitatClass": "High", "Taxon_Normalized": "Burung" }, "geometry": { "type": "Point", "coordinates": [ 110.36289, -7.81242 ] } },
{ "type": "Feature", "properties": { "Species": "Perkutut", "Latin": "Geopelia striata", "Coordinate": "-7.81225, 110.35578", "Link": null, "Group": "Burung", "Latitude": -7.81225, "Longitude": 110.35578, "HSI": 1.0, "HabitatClass": "High", "Taxon_Normalized": "Burung" }, "geometry": { "type": "Point", "coordinates": [ 110.35578, -7.81225 ] } },
{ "type": "Feature", "properties": { "Species": "Tekukur", "Latin": "Spilopelia chinensis", "Coordinate": "-7.81195, 110.36282", "Link": null, "Group": "Burung", "Latitude": -7.81195, "Longitude": 110.36282, "HSI": 1.0, "HabitatClass": "High", "Taxon_Normalized": "Burung" }, "geometry": { "type": "Point", "coordinates": [ 110.36282, -7.81195 ] } },
{ "type": "Feature", "properties": { "Species": "Bengkarung", "Latin": "Eutropis multifasciata", "Coordinate": "-7.81193, 110.36126", "Link": null, "Group": "Reptil", "Latitude": -7.81193, "Longitude": 110.36126, "HSI": 1.0, "HabitatClass": "High", "Taxon_Normalized": "Reptil" }, "geometry": { "type": "Point", "coordinates": [ 110.36126, -7.81193 ] } },
{ "type": "Feature", "properties": { "Species": "Perkutut", "Latin": "Geopelia striata", "Coordinate": "-7.81193, 110.36319", "Link": null, "Group": "Burung", "Latitude": -7.81193, "Longitude": 110.36319, "HSI": 3.0, "HabitatClass": "High", "Taxon_Normalized": "Burung" }, "geometry": { "type": "Point", "coordinates": [ 110.36319, -7.81193 ] } },
{ "type": "Feature", "properties": { "Species": "Tekukur", "Latin": "Spilopelia chinensis", "Coordinate": "-7.81185, 110.36324", "Link": null, "Group": "Burung", "Latitude": -7.81185, "Longitude": 110.36324, "HSI": 2.0, "HabitatClass": "High", "Taxon_Normalized": "Burung" }, "geometry": { "type": "Point", "coordinates": [ 110.36324, -7.81185 ] } },
{ "type": "Feature", "properties": { "Species": "Perkutut", "Latin": "Geopelia striata", "Coordinate": "-7.81130, 110.36330", "Link": null, "Group": "Burung", "Latitude": -7.8113, "Longitude": 110.3633, "HSI": 1.0, "HabitatClass": "High", "Taxon_Normalized": "Burung" }, "geometry": { "type": "Point", "coordinates": [ 110.3633, -7.8113 ] } },
{ "type": "Feature", "properties": { "Species": "Biawak", "Latin": "Varanus salvator ssp. bivittatus", "Coordinate": "-7.81037, 110.35159", "Link": null, "Group": "Reptil", "Latitude": -7.81037, "Longitude": 110.35159, "HSI": 3.0, "HabitatClass": "High", "Taxon_Normalized": "Reptil" }, "geometry": { "type": "Point", "coordinates": [ 110.35159, -7.81037 ] } },
{ "type": "Feature", "properties": { "Species": "Tekukur", "Latin": "Spilopelia chinensis", "Coordinate": "-7.81264, 110.36643", "Link": null, "Group": "Burung", "Latitude": -7.81264, "Longitude": 110.36643, "HSI": 2.0, "HabitatClass": "High", "Taxon_Normalized": "Burung" }, "geometry": { "type": "Point", "coordinates": [ 110.36643, -7.81264 ] } },
{ "type": "Feature", "properties": { "Species": "Bondol Haji", "Latin": "Lonchura maja", "Coordinate": "-7.81264, 110.36642", "Link": null, "Group": "Burung", "Latitude": -7.81264, "Longitude": 110.36642, "HSI": 2.0, "HabitatClass": "High", "Taxon_Normalized": "Burung" }, "geometry": { "type": "Point", "coordinates": [ 110.36642, -7.81264 ] } },
{ "type": "Feature", "properties": { "Species": "Tekukur", "Latin": "Spilopelia chinensis", "Coordinate": "-7.81264, 110.36641", "Link": null, "Group": "Burung", "Latitude": -7.81264, "Longitude": 110.36641, "HSI": 2.0, "HabitatClass": "High", "Taxon_Normalized": "Burung" }, "geometry": { "type": "Point", "coordinates": [ 110.36641, -7.81264 ] } },
{ "type": "Feature", "properties": { "Species": "Tekukur", "Latin": "Spilopelia chinensis", "Coordinate": "-7.81262, 110.36614", "Link": null, "Group": "Burung", "Latitude": -7.81262, "Longitude": 110.36614, "HSI": 2.0, "HabitatClass": "High", "Taxon_Normalized": "Burung" }, "geometry": { "type": "Point", "coordinates": [ 110.36614, -7.81262 ] } },
{ "type": "Feature", "properties": { "Species": "Merbah Cerukcuk", "Latin": "Pycnonotus goiavier", "Coordinate": "-7.81262, 110.3664", "Link": null, "Group": "Burung", "Latitude": -7.81262, "Longitude": 110.3664, "HSI": 2.0, "HabitatClass": "High", "Taxon_Normalized": "Burung" }, "geometry": { "type": "Point", "coordinates": [ 110.3664, -7.81262 ] } },
{ "type": "Feature", "properties": { "Species": "Merbah Cerukcuk", "Latin": "Pycnonotus goiavier", "Coordinate": "-7.81261, 110.36653", "Link": null, "Group": "Burung", "Latitude": -7.81261, "Longitude": 110.36653, "HSI": 2.0, "HabitatClass": "High", "Taxon_Normalized": "Burung" }, "geometry": { "type": "Point", "coordinates": [ 110.36653, -7.81261 ] } },
{ "type": "Feature", "properties": { "Species": "Merbah Cerukcuk", "Latin": "Pycnonotus goiavier", "Coordinate": "-7.81259, 110.36659", "Link": null, "Group": "Burung", "Latitude": -7.81259, "Longitude": 110.36659, "HSI": 2.0, "HabitatClass": "High", "Taxon_Normalized": "Burung" }, "geometry": { "type": "Point", "coordinates": [ 110.36659, -7.81259 ] } },
{ "type": "Feature", "properties": { "Species": "Punai Gading", "Latin": "Treron vernans", "Coordinate": "-7.81258, 110.36641", "Link": null, "Group": "Burung", "Latitude": -7.81258, "Longitude": 110.36641, "HSI": 2.0, "HabitatClass": "High", "Taxon_Normalized": "Burung" }, "geometry": { "type": "Point", "coordinates": [ 110.36641, -7.81258 ] } },
{ "type": "Feature", "properties": { "Species": "Burung-Madu Kelapa", "Latin": "Anthreptes malacensis", "Coordinate": "-7.81258, 110.36652", "Link": null, "Group": "Burung", "Latitude": -7.81258, "Longitude": 110.36652, "HSI": 2.0, "HabitatClass": "High", "Taxon_Normalized": "Burung" }, "geometry": { "type": "Point", "coordinates": [ 110.36652, -7.81258 ] } },
{ "type": "Feature", "properties": { "Species": "Merbah Cerukcuk", "Latin": "Pycnonotus goiavier", "Coordinate": "-7.81254, 110.36637", "Link": null, "Group": "Burung", "Latitude": -7.81254, "Longitude": 110.36637, "HSI": 2.0, "HabitatClass": "High", "Taxon_Normalized": "Burung" }, "geometry": { "type": "Point", "coordinates": [ 110.36637, -7.81254 ] } },
{ "type": "Feature", "properties": { "Species": "Bangkong Kolong", "Latin": "Duttaphrynus melanostictus", "Coordinate": "-7.80163, 110.37625", "Link": null, "Group": "Amfibi", "Latitude": -7.80163, "Longitude": 110.37625, "HSI": 1.0, "HabitatClass": "High", "Taxon_Normalized": "Amfibi" }, "geometry": { "type": "Point", "coordinates": [ 110.37625, -7.80163 ] } },
{ "type": "Feature", "properties": { "Species": "Perkutut", "Latin": "Geopelia striata", "Coordinate": "-7.78951, 110.37597", "Link": null, "Group": "Burung", "Latitude": -7.78951, "Longitude": 110.37597, "HSI": 1.0, "HabitatClass": "High", "Taxon_Normalized": "Burung" }, "geometry": { "type": "Point", "coordinates": [ 110.37597, -7.78951 ] } },
{ "type": "Feature", "properties": { "Species": "Bangkong Kolong", "Latin": "Duttaphrynus melanostictus", "Coordinate": "-7.78029, 110.37573", "Link": null, "Group": "Amfibi", "Latitude": -7.78029, "Longitude": 110.37573, "HSI": 2.0, "HabitatClass": "High", "Taxon_Normalized": "Amfibi" }, "geometry": { "type": "Point", "coordinates": [ 110.37573, -7.78029 ] } },
{ "type": "Feature", "properties": { "Species": "Cecak Gula", "Latin": "Gehyra mutilata", "Coordinate": "-7.82029, 110.37123", "Link": null, "Group": "Reptil", "Latitude": -7.82029, "Longitude": 110.37123, "HSI": 1.0, "HabitatClass": "High", "Taxon_Normalized": "Reptil" }, "geometry": { "type": "Point", "coordinates": [ 110.37123, -7.82029 ] } },
{ "type": "Feature", "properties": { "Species": "Cecak Tembok", "Latin": "Hemidactylus platyurus", "Coordinate": "-7.81904, 110.37028", "Link": null, "Group": "Reptil", "Latitude": -7.81904, "Longitude": 110.37028, "HSI": 1.0, "HabitatClass": "High", "Taxon_Normalized": "Reptil" }, "geometry": { "type": "Point", "coordinates": [ 110.37028, -7.81904 ] } },
{ "type": "Feature", "properties": { "Species": "Bondol Jawa", "Latin": "Lonchura leucogastroides", "Coordinate": "-7.81531, 110.37317", "Link": null, "Group": "Burung", "Latitude": -7.81531, "Longitude": 110.37317, "HSI": 1.0, "HabitatClass": "High", "Taxon_Normalized": "Burung" }, "geometry": { "type": "Point", "coordinates": [ 110.37317, -7.81531 ] } },
{ "type": "Feature", "properties": { "Species": "Bunglon Taman", "Latin": "Calotes versicolor", "Coordinate": "-7.80793, 110.37214", "Link": null, "Group": "Reptil", "Latitude": -7.80793, "Longitude": 110.37214, "HSI": 2.0, "HabitatClass": "High", "Taxon_Normalized": "Reptil" }, "geometry": { "type": "Point", "coordinates": [ 110.37214, -7.80793 ] } },
{ "type": "Feature", "properties": { "Species": "Ular Tambang", "Latin": "Dendrelaphis pictus", "Coordinate": "-7.79950, 110.37078", "Link": null, "Group": "Reptil", "Latitude": -7.7995, "Longitude": 110.37078, "HSI": 1.0, "HabitatClass": "High", "Taxon_Normalized": "Reptil" }, "geometry": { "type": "Point", "coordinates": [ 110.37078, -7.7995 ] } },
{ "type": "Feature", "properties": { "Species": "Ular Gadung", "Latin": "Ahaetulla prasina", "Coordinate": "-7.79950, 110.37078", "Link": null, "Group": "Reptil", "Latitude": -7.7995, "Longitude": 110.37078, "HSI": 1.0, "HabitatClass": "High", "Taxon_Normalized": "Reptil" }, "geometry": { "type": "Point", "coordinates": [ 110.37078, -7.7995 ] } },
{ "type": "Feature", "properties": { "Species": "Ular Picung", "Latin": "Rhabdophis subminiatus", "Coordinate": "-7.79950, 110.37078", "Link": null, "Group": "Reptil", "Latitude": -7.7995, "Longitude": 110.37078, "HSI": 1.0, "HabitatClass": "High", "Taxon_Normalized": "Reptil" }, "geometry": { "type": "Point", "coordinates": [ 110.37078, -7.7995 ] } },
{ "type": "Feature", "properties": { "Species": "Burung-Gereja Erasia", "Latin": "Passer montanus", "Coordinate": "-7.79950, 110.37078", "Link": null, "Group": "Burung", "Latitude": -7.7995, "Longitude": 110.37078, "HSI": 1.0, "HabitatClass": "High", "Taxon_Normalized": "Burung" }, "geometry": { "type": "Point", "coordinates": [ 110.37078, -7.7995 ] } },
{ "type": "Feature", "properties": { "Species": "Ular Air Belang", "Latin": "Homalopsis buccata", "Coordinate": "-7.79950, 110.37078", "Link": null, "Group": "Reptil", "Latitude": -7.7995, "Longitude": 110.37078, "HSI": 1.0, "HabitatClass": "High", "Taxon_Normalized": "Reptil" }, "geometry": { "type": "Point", "coordinates": [ 110.37078, -7.7995 ] } },
{ "type": "Feature", "properties": { "Species": "Bunglon Surai", "Latin": "Bronchocela jubata", "Coordinate": "-7.79950, 110.37078", "Link": null, "Group": "Reptil", "Latitude": -7.7995, "Longitude": 110.37078, "HSI": 1.0, "HabitatClass": "High", "Taxon_Normalized": "Reptil" }, "geometry": { "type": "Point", "coordinates": [ 110.37078, -7.7995 ] } },
{ "type": "Feature", "properties": { "Species": "Ular Macan Air", "Latin": "Fowlea melanzosta", "Coordinate": "-7.82412, 110.37423", "Link": null, "Group": "Reptil", "Latitude": -7.82412, "Longitude": 110.37423, "HSI": 1.0, "HabitatClass": "High", "Taxon_Normalized": "Reptil" }, "geometry": { "type": "Point", "coordinates": [ 110.37423, -7.82412 ] } },
{ "type": "Feature", "properties": { "Species": "Cecak Tembok", "Latin": "Hemidactylus platyurus", "Coordinate": "-7.81437, 110.37374", "Link": null, "Group": "Reptil", "Latitude": -7.81437, "Longitude": 110.37374, "HSI": 1.0, "HabitatClass": "High", "Taxon_Normalized": "Reptil" }, "geometry": { "type": "Point", "coordinates": [ 110.37374, -7.81437 ] } },
{ "type": "Feature", "properties": { "Species": "Kongkang Kolam Jawa", "Latin": "Hylarana chalconota", "Coordinate": "-7.80325, 110.37484", "Link": null, "Group": "Amfibi", "Latitude": -7.80325, "Longitude": 110.37484, "HSI": 1.0, "HabitatClass": "High", "Taxon_Normalized": "Amfibi" }, "geometry": { "type": "Point", "coordinates": [ 110.37484, -7.80325 ] } },
{ "type": "Feature", "properties": { "Species": "Tuwur Asia", "Latin": "Eudynamys scolopaceus", "Coordinate": "-7.79949, 110.37375", "Link": null, "Group": "Burung", "Latitude": -7.79949, "Longitude": 110.37375, "HSI": 1.0, "HabitatClass": "High", "Taxon_Normalized": "Burung" }, "geometry": { "type": "Point", "coordinates": [ 110.37375, -7.79949 ] } },
{ "type": "Feature", "properties": { "Species": "Kareo Padi", "Latin": "Amaurornis phoenicurus", "Coordinate": "-7.79103, 110.37539", "Link": null, "Group": "Burung", "Latitude": -7.79103, "Longitude": 110.37539, "HSI": 1.0, "HabitatClass": "High", "Taxon_Normalized": "Burung" }, "geometry": { "type": "Point", "coordinates": [ 110.37539, -7.79103 ] } },
{ "type": "Feature", "properties": { "Species": "Merbah Cerukcuk", "Latin": "Pycnonotus goiavier", "Coordinate": "-7.78663, 110.37407", "Link": null, "Group": "Burung", "Latitude": -7.78663, "Longitude": 110.37407, "HSI": 2.0, "HabitatClass": "High", "Taxon_Normalized": "Burung" }, "geometry": { "type": "Point", "coordinates": [ 110.37407, -7.78663 ] } },
{ "type": "Feature", "properties": { "Species": "Burung-Gereja Erasia", "Latin": "Passer montanus", "Coordinate": "-7.78663, 110.37407", "Link": null, "Group": "Burung", "Latitude": -7.78663, "Longitude": 110.37407, "HSI": 2.0, "HabitatClass": "High", "Taxon_Normalized": "Burung" }, "geometry": { "type": "Point", "coordinates": [ 110.37407, -7.78663 ] } },
{ "type": "Feature", "properties": { "Species": "Cecak Tembok", "Latin": "Hemidactylus platyurus", "Coordinate": "-7.78663, 110.37407", "Link": null, "Group": "Reptil", "Latitude": -7.78663, "Longitude": 110.37407, "HSI": 2.0, "HabitatClass": "High", "Taxon_Normalized": "Reptil" }, "geometry": { "type": "Point", "coordinates": [ 110.37407, -7.78663 ] } },
{ "type": "Feature", "properties": { "Species": "Walet Linchi", "Latin": "Collocalia linchi", "Coordinate": "-7.78301, 110.37484", "Link": null, "Group": "Burung", "Latitude": -7.78301, "Longitude": 110.37484, "HSI": 1.0, "HabitatClass": "High", "Taxon_Normalized": "Burung" }, "geometry": { "type": "Point", "coordinates": [ 110.37484, -7.78301 ] } },
{ "type": "Feature", "properties": { "Species": "Bajing Kelapa", "Latin": "Callosciurus notatus", "Coordinate": "-7.78271, 110.37439", "Link": null, "Group": "Mamalia", "Latitude": -7.78271, "Longitude": 110.37439, "HSI": 1.0, "HabitatClass": "High", "Taxon_Normalized": "Mamalia" }, "geometry": { "type": "Point", "coordinates": [ 110.37439, -7.78271 ] } },
{ "type": "Feature", "properties": { "Species": "Tokek Rumah", "Latin": "Gekko gecko", "Coordinate": "-7.79950, 110.37078", "Link": null, "Group": "Reptil", "Latitude": -7.7995, "Longitude": 110.37078, "HSI": 1.0, "HabitatClass": "High", "Taxon_Normalized": "Reptil" }, "geometry": { "type": "Point", "coordinates": [ 110.37078, -7.7995 ] } },
{ "type": "Feature", "properties": { "Species": "Katak-Pohon Bergaris", "Latin": "Polypedates leucomystax", "Coordinate": "-7.79745, 110.37069", "Link": null, "Group": "Amfibi", "Latitude": -7.79745, "Longitude": 110.37069, "HSI": 1.0, "HabitatClass": "High", "Taxon_Normalized": "Amfibi" }, "geometry": { "type": "Point", "coordinates": [ 110.37069, -7.79745 ] } },
{ "type": "Feature", "properties": { "Species": "Katak Pohon Emas", "Latin": "Rhacophorus margaritifer", "Coordinate": "-7.79745, 110.37069", "Link": null, "Group": "Amfibi", "Latitude": -7.79745, "Longitude": 110.37069, "HSI": 1.0, "HabitatClass": "High", "Taxon_Normalized": "Amfibi" }, "geometry": { "type": "Point", "coordinates": [ 110.37069, -7.79745 ] } },
{ "type": "Feature", "properties": { "Species": "Bangkong Kolong", "Latin": "Duttaphrynus melanostictus", "Coordinate": "-7.79745, 110.37069", "Link": null, "Group": "Amfibi", "Latitude": -7.79745, "Longitude": 110.37069, "HSI": 1.0, "HabitatClass": "High", "Taxon_Normalized": "Amfibi" }, "geometry": { "type": "Point", "coordinates": [ 110.37069, -7.79745 ] } },
{ "type": "Feature", "properties": { "Species": "Bunglon Surai", "Latin": "Bronchocela jubata", "Coordinate": "-7.78857, 110.37131", "Link": null, "Group": "Reptil", "Latitude": -7.78857, "Longitude": 110.37131, "HSI": 2.0, "HabitatClass": "High", "Taxon_Normalized": "Reptil" }, "geometry": { "type": "Point", "coordinates": [ 110.37131, -7.78857 ] } },
{ "type": "Feature", "properties": { "Species": "Bondol Haji", "Latin": "Lonchura maja", "Coordinate": "-7.78730, 110.37078", "Link": null, "Group": "Burung", "Latitude": -7.7873, "Longitude": 110.37078, "HSI": 2.0, "HabitatClass": "High", "Taxon_Normalized": "Burung" }, "geometry": { "type": "Point", "coordinates": [ 110.37078, -7.7873 ] } },
{ "type": "Feature", "properties": { "Species": "Kerak Kerbau", "Latin": "Acridotheres javanicus", "Coordinate": "-7.78730, 110.37078", "Link": null, "Group": "Burung", "Latitude": -7.7873, "Longitude": 110.37078, "HSI": 2.0, "HabitatClass": "High", "Taxon_Normalized": "Burung" }, "geometry": { "type": "Point", "coordinates": [ 110.37078, -7.7873 ] } },
{ "type": "Feature", "properties": { "Species": "Perkutut", "Latin": "Geopelia striata", "Coordinate": "-7.78647, 110.37096", "Link": null, "Group": "Burung", "Latitude": -7.78647, "Longitude": 110.37096, "HSI": 2.0, "HabitatClass": "High", "Taxon_Normalized": "Burung" }, "geometry": { "type": "Point", "coordinates": [ 110.37096, -7.78647 ] } },
{ "type": "Feature", "properties": { "Species": "Tokek Rumah", "Latin": "Gekko gecko", "Coordinate": "-7.77591, 110.37088", "Link": null, "Group": "Reptil", "Latitude": -7.77591, "Longitude": 110.37088, "HSI": 1.0, "HabitatClass": "High", "Taxon_Normalized": "Reptil" }, "geometry": { "type": "Point", "coordinates": [ 110.37088, -7.77591 ] } },
{ "type": "Feature", "properties": { "Species": "Bengkarung", "Latin": "Eutropis multifasciata", "Coordinate": "-7.77561, 110.37161", "Link": null, "Group": "Reptil", "Latitude": -7.77561, "Longitude": 110.37161, "HSI": 1.0, "HabitatClass": "High", "Taxon_Normalized": "Reptil" }, "geometry": { "type": "Point", "coordinates": [ 110.37161, -7.77561 ] } },
{ "type": "Feature", "properties": { "Species": "Bangkong Kolong", "Latin": "Duttaphrynus melanostictus", "Coordinate": "-7.77561, 110.37161", "Link": null, "Group": "Amfibi", "Latitude": -7.77561, "Longitude": 110.37161, "HSI": 1.0, "HabitatClass": "High", "Taxon_Normalized": "Amfibi" }, "geometry": { "type": "Point", "coordinates": [ 110.37161, -7.77561 ] } },
{ "type": "Feature", "properties": { "Species": "Bangkong Kolong", "Latin": "Duttaphrynus melanostictus", "Coordinate": "-7.77587, 110.37388", "Link": null, "Group": "Amfibi", "Latitude": -7.77587, "Longitude": 110.37388, "HSI": 1.0, "HabitatClass": "High", "Taxon_Normalized": "Amfibi" }, "geometry": { "type": "Point", "coordinates": [ 110.37388, -7.77587 ] } },
{ "type": "Feature", "properties": { "Species": "Bangkong Kolong", "Latin": "Duttaphrynus melanostictus", "Coordinate": "-7.77527, 110.37458", "Link": null, "Group": "Amfibi", "Latitude": -7.77527, "Longitude": 110.37458, "HSI": 2.0, "HabitatClass": "High", "Taxon_Normalized": "Amfibi" }, "geometry": { "type": "Point", "coordinates": [ 110.37458, -7.77527 ] } },
{ "type": "Feature", "properties": { "Species": "Perkutut", "Latin": "Geopelia striata", "Coordinate": "-7.77518, 110.37482", "Link": null, "Group": "Burung", "Latitude": -7.77518, "Longitude": 110.37482, "HSI": 2.0, "HabitatClass": "High", "Taxon_Normalized": "Burung" }, "geometry": { "type": "Point", "coordinates": [ 110.37482, -7.77518 ] } },
{ "type": "Feature", "properties": { "Species": "Bangkong Kolong", "Latin": "Duttaphrynus melanostictus", "Coordinate": "-7.77515, 110.37538", "Link": null, "Group": "Amfibi", "Latitude": -7.77515, "Longitude": 110.37538, "HSI": 1.0, "HabitatClass": "High", "Taxon_Normalized": "Amfibi" }, "geometry": { "type": "Point", "coordinates": [ 110.37538, -7.77515 ] } },
{ "type": "Feature", "properties": { "Species": "Bondol Haji", "Latin": "Lonchura maja", "Coordinate": "-7.81080, 110.35853", "Link": null, "Group": "Burung", "Latitude": -7.8108, "Longitude": 110.35853, "HSI": 2.0, "HabitatClass": "High", "Taxon_Normalized": "Burung" }, "geometry": { "type": "Point", "coordinates": [ 110.35853, -7.8108 ] } },
{ "type": "Feature", "properties": { "Species": "Bondol Haji", "Latin": "Lonchura maja", "Coordinate": "-7.81005, 110.35943", "Link": null, "Group": "Burung", "Latitude": -7.81005, "Longitude": 110.35943, "HSI": 2.0, "HabitatClass": "High", "Taxon_Normalized": "Burung" }, "geometry": { "type": "Point", "coordinates": [ 110.35943, -7.81005 ] } },
{ "type": "Feature", "properties": { "Species": "Bunglon Taman", "Latin": "Calotes versicolor", "Coordinate": "-7.81004, 110.35942", "Link": null, "Group": "Reptil", "Latitude": -7.81004, "Longitude": 110.35942, "HSI": 2.0, "HabitatClass": "High", "Taxon_Normalized": "Reptil" }, "geometry": { "type": "Point", "coordinates": [ 110.35942, -7.81004 ] } },
{ "type": "Feature", "properties": { "Species": "Bondol Haji", "Latin": "Lonchura maja", "Coordinate": "-7.80996, 110.35915", "Link": null, "Group": "Burung", "Latitude": -7.80996, "Longitude": 110.35915, "HSI": 2.0, "HabitatClass": "High", "Taxon_Normalized": "Burung" }, "geometry": { "type": "Point", "coordinates": [ 110.35915, -7.80996 ] } },
{ "type": "Feature", "properties": { "Species": "Tekukur", "Latin": "Spilopelia chinensis", "Coordinate": "-7.80987, 110.35931", "Link": null, "Group": "Burung", "Latitude": -7.80987, "Longitude": 110.35931, "HSI": 2.0, "HabitatClass": "High", "Taxon_Normalized": "Burung" }, "geometry": { "type": "Point", "coordinates": [ 110.35931, -7.80987 ] } },
{ "type": "Feature", "properties": { "Species": "Burung-Gereja Erasia", "Latin": "Passer montanus", "Coordinate": "-7.80918, 110.36062", "Link": null, "Group": "Burung", "Latitude": -7.80918, "Longitude": 110.36062, "HSI": 1.0, "HabitatClass": "High", "Taxon_Normalized": "Burung" }, "geometry": { "type": "Point", "coordinates": [ 110.36062, -7.80918 ] } },
{ "type": "Feature", "properties": { "Species": "Bondol Jawa", "Latin": "Lonchura leucogastroides", "Coordinate": "-7.80875, 110.36347", "Link": null, "Group": "Burung", "Latitude": -7.80875, "Longitude": 110.36347, "HSI": 1.0, "HabitatClass": "High", "Taxon_Normalized": "Burung" }, "geometry": { "type": "Point", "coordinates": [ 110.36347, -7.80875 ] } },
{ "type": "Feature", "properties": { "Species": "Burung-Gereja Erasia", "Latin": "Passer montanus", "Coordinate": "-7.80865, 110.36382", "Link": null, "Group": "Burung", "Latitude": -7.80865, "Longitude": 110.36382, "HSI": 2.0, "HabitatClass": "High", "Taxon_Normalized": "Burung" }, "geometry": { "type": "Point", "coordinates": [ 110.36382, -7.80865 ] } },
{ "type": "Feature", "properties": { "Species": "Perkutut", "Latin": "Geopelia striata", "Coordinate": "-7.80832, 110.36454", "Link": null, "Group": "Burung", "Latitude": -7.80832, "Longitude": 110.36454, "HSI": 1.0, "HabitatClass": "High", "Taxon_Normalized": "Burung" }, "geometry": { "type": "Point", "coordinates": [ 110.36454, -7.80832 ] } },
{ "type": "Feature", "properties": { "Species": "Tekukur", "Latin": "Spilopelia chinensis", "Coordinate": "-7.80826, 110.35998", "Link": null, "Group": "Burung", "Latitude": -7.80826, "Longitude": 110.35998, "HSI": 1.0, "HabitatClass": "High", "Taxon_Normalized": "Burung" }, "geometry": { "type": "Point", "coordinates": [ 110.35998, -7.80826 ] } },
{ "type": "Feature", "properties": { "Species": "Bunglon Taman", "Latin": "Calotes versicolor", "Coordinate": "-7.80804, 110.36392", "Link": null, "Group": "Reptil", "Latitude": -7.80804, "Longitude": 110.36392, "HSI": 2.0, "HabitatClass": "High", "Taxon_Normalized": "Reptil" }, "geometry": { "type": "Point", "coordinates": [ 110.36392, -7.80804 ] } },
{ "type": "Feature", "properties": { "Species": "Burung-Gereja Erasia", "Latin": "Passer montanus", "Coordinate": "-7.80795, 110.36040", "Link": null, "Group": "Burung", "Latitude": -7.80795, "Longitude": 110.3604, "HSI": 1.0, "HabitatClass": "High", "Taxon_Normalized": "Burung" }, "geometry": { "type": "Point", "coordinates": [ 110.3604, -7.80795 ] } },
{ "type": "Feature", "properties": { "Species": "Perkutut", "Latin": "Geopelia striata", "Coordinate": "-7.80792, 110.36460", "Link": null, "Group": "Burung", "Latitude": -7.80792, "Longitude": 110.3646, "HSI": 2.0, "HabitatClass": "High", "Taxon_Normalized": "Burung" }, "geometry": { "type": "Point", "coordinates": [ 110.3646, -7.80792 ] } },
{ "type": "Feature", "properties": { "Species": "Burung Takur", "Latin": "Psilopogon haemacephalus ssp. roseus", "Coordinate": "-7.80782, 110.36453", "Link": null, "Group": "Burung", "Latitude": -7.80782, "Longitude": 110.36453, "HSI": 2.0, "HabitatClass": "High", "Taxon_Normalized": "Burung" }, "geometry": { "type": "Point", "coordinates": [ 110.36453, -7.80782 ] } },
{ "type": "Feature", "properties": { "Species": "Merbah Cerukcuk", "Latin": "Pycnonotus goiavier", "Coordinate": "-7.80782, 110.36453", "Link": null, "Group": "Burung", "Latitude": -7.80782, "Longitude": 110.36453, "HSI": 2.0, "HabitatClass": "High", "Taxon_Normalized": "Burung" }, "geometry": { "type": "Point", "coordinates": [ 110.36453, -7.80782 ] } },
{ "type": "Feature", "properties": { "Species": "Cabai Jawa", "Latin": "Dicaeum trochileum", "Coordinate": "-7.80782, 110.36454", "Link": null, "Group": "Burung", "Latitude": -7.80782, "Longitude": 110.36454, "HSI": 2.0, "HabitatClass": "High", "Taxon_Normalized": "Burung" }, "geometry": { "type": "Point", "coordinates": [ 110.36454, -7.80782 ] } },
{ "type": "Feature", "properties": { "Species": "Perkutut", "Latin": "Geopelia striata", "Coordinate": "-7.80780, 110.36451", "Link": null, "Group": "Burung", "Latitude": -7.8078, "Longitude": 110.36451, "HSI": 2.0, "HabitatClass": "High", "Taxon_Normalized": "Burung" }, "geometry": { "type": "Point", "coordinates": [ 110.36451, -7.8078 ] } },
{ "type": "Feature", "properties": { "Species": "Bondol Haji", "Latin": "Lonchura maja", "Coordinate": "-7.80765, 110.35792", "Link": null, "Group": "Burung", "Latitude": -7.80765, "Longitude": 110.35792, "HSI": 2.0, "HabitatClass": "High", "Taxon_Normalized": "Burung" }, "geometry": { "type": "Point", "coordinates": [ 110.35792, -7.80765 ] } },
{ "type": "Feature", "properties": { "Species": "Perkutut", "Latin": "Geopelia striata", "Coordinate": "-7.80760, 110.35754", "Link": null, "Group": "Burung", "Latitude": -7.8076, "Longitude": 110.35754, "HSI": 1.0, "HabitatClass": "High", "Taxon_Normalized": "Burung" }, "geometry": { "type": "Point", "coordinates": [ 110.35754, -7.8076 ] } },
{ "type": "Feature", "properties": { "Species": "Burung-Gereja Erasia", "Latin": "Passer montanus", "Coordinate": "-7.80757, 110.36405", "Link": null, "Group": "Burung", "Latitude": -7.80757, "Longitude": 110.36405, "HSI": 2.0, "HabitatClass": "High", "Taxon_Normalized": "Burung" }, "geometry": { "type": "Point", "coordinates": [ 110.36405, -7.80757 ] } },
{ "type": "Feature", "properties": { "Species": "Tokek Rumah", "Latin": "Gekko gecko", "Coordinate": "-7.81181, 110.36927", "Link": null, "Group": "Reptil", "Latitude": -7.81181, "Longitude": 110.36927, "HSI": 1.0, "HabitatClass": "High", "Taxon_Normalized": "Reptil" }, "geometry": { "type": "Point", "coordinates": [ 110.36927, -7.81181 ] } },
{ "type": "Feature", "properties": { "Species": "Tekukur", "Latin": "Spilopelia chinensis", "Coordinate": "-7.81177, 110.36608", "Link": null, "Group": "Burung", "Latitude": -7.81177, "Longitude": 110.36608, "HSI": 2.0, "HabitatClass": "High", "Taxon_Normalized": "Burung" }, "geometry": { "type": "Point", "coordinates": [ 110.36608, -7.81177 ] } },
{ "type": "Feature", "properties": { "Species": "Tekukur", "Latin": "Spilopelia chinensis", "Coordinate": "-7.81171, 110.36553", "Link": null, "Group": "Burung", "Latitude": -7.81171, "Longitude": 110.36553, "HSI": 2.0, "HabitatClass": "High", "Taxon_Normalized": "Burung" }, "geometry": { "type": "Point", "coordinates": [ 110.36553, -7.81171 ] } },
{ "type": "Feature", "properties": { "Species": "Musang", "Latin": "Paradoxurus musanga", "Coordinate": "-7.81032, 110.36841", "Link": null, "Group": "Mamalia", "Latitude": -7.81032, "Longitude": 110.36841, "HSI": 1.0, "HabitatClass": "High", "Taxon_Normalized": "Mamalia" }, "geometry": { "type": "Point", "coordinates": [ 110.36841, -7.81032 ] } },
{ "type": "Feature", "properties": { "Species": "Tokek Rumah", "Latin": "Gekko gecko", "Coordinate": "-7.80949, 110.36798", "Link": null, "Group": "Reptil", "Latitude": -7.80949, "Longitude": 110.36798, "HSI": 2.0, "HabitatClass": "High", "Taxon_Normalized": "Reptil" }, "geometry": { "type": "Point", "coordinates": [ 110.36798, -7.80949 ] } },
{ "type": "Feature", "properties": { "Species": "Merbah Cerukcuk", "Latin": "Pycnonotus goiavier", "Coordinate": "-7.80733, 110.36981", "Link": null, "Group": "Burung", "Latitude": -7.80733, "Longitude": 110.36981, "HSI": 2.0, "HabitatClass": "High", "Taxon_Normalized": "Burung" }, "geometry": { "type": "Point", "coordinates": [ 110.36981, -7.80733 ] } },
{ "type": "Feature", "properties": { "Species": "Bunglon Taman", "Latin": "Calotes versicolor", "Coordinate": "-7.80584, 110.36541", "Link": null, "Group": "Reptil", "Latitude": -7.80584, "Longitude": 110.36541, "HSI": 1.0, "HabitatClass": "High", "Taxon_Normalized": "Reptil" }, "geometry": { "type": "Point", "coordinates": [ 110.36541, -7.80584 ] } },
{ "type": "Feature", "properties": { "Species": "Tokek Rumah", "Latin": "Gekko gecko", "Coordinate": "-7.80159, 110.36673", "Link": null, "Group": "Reptil", "Latitude": -7.80159, "Longitude": 110.36673, "HSI": 1.0, "HabitatClass": "High", "Taxon_Normalized": "Reptil" }, "geometry": { "type": "Point", "coordinates": [ 110.36673, -7.80159 ] } },
{ "type": "Feature", "properties": { "Species": "Layang-Layang Api", "Latin": "Hirundo rustica", "Coordinate": "-7.80148, 110.36475", "Link": null, "Group": "Burung", "Latitude": -7.80148, "Longitude": 110.36475, "HSI": 1.0, "HabitatClass": "High", "Taxon_Normalized": "Burung" }, "geometry": { "type": "Point", "coordinates": [ 110.36475, -7.80148 ] } },
{ "type": "Feature", "properties": { "Species": "Burung-Gereja Erasia", "Latin": "Passer montanus", "Coordinate": "-7.80141, 110.36527", "Link": null, "Group": "Burung", "Latitude": -7.80141, "Longitude": 110.36527, "HSI": 1.0, "HabitatClass": "High", "Taxon_Normalized": "Burung" }, "geometry": { "type": "Point", "coordinates": [ 110.36527, -7.80141 ] } },
{ "type": "Feature", "properties": { "Species": "Cinenen Pisang", "Latin": "Orthotomus sutorius", "Coordinate": "-7.80756, 110.35713", "Link": null, "Group": "Burung", "Latitude": -7.80756, "Longitude": 110.35713, "HSI": 2.0, "HabitatClass": "High", "Taxon_Normalized": "Burung" }, "geometry": { "type": "Point", "coordinates": [ 110.35713, -7.80756 ] } },
{ "type": "Feature", "properties": { "Species": "Burung-Gereja Erasia", "Latin": "Passer montanus", "Coordinate": "-7.80673, 110.36396", "Link": null, "Group": "Burung", "Latitude": -7.80673, "Longitude": 110.36396, "HSI": 2.0, "HabitatClass": "High", "Taxon_Normalized": "Burung" }, "geometry": { "type": "Point", "coordinates": [ 110.36396, -7.80673 ] } },
{ "type": "Feature", "properties": { "Species": "Burung-Madu Kelapa", "Latin": "Anthreptes malacensis", "Coordinate": "-7.80666, 110.36379", "Link": null, "Group": "Burung", "Latitude": -7.80666, "Longitude": 110.36379, "HSI": 2.0, "HabitatClass": "High", "Taxon_Normalized": "Burung" }, "geometry": { "type": "Point", "coordinates": [ 110.36379, -7.80666 ] } },
{ "type": "Feature", "properties": { "Species": "Burung-Gereja Erasia", "Latin": "Passer montanus", "Coordinate": "-7.80597, 110.36256", "Link": null, "Group": "Burung", "Latitude": -7.80597, "Longitude": 110.36256, "HSI": 2.0, "HabitatClass": "High", "Taxon_Normalized": "Burung" }, "geometry": { "type": "Point", "coordinates": [ 110.36256, -7.80597 ] } },
{ "type": "Feature", "properties": { "Species": "Burung-Gereja Erasia", "Latin": "Passer montanus", "Coordinate": "-7.80536, 110.36435", "Link": null, "Group": "Burung", "Latitude": -7.80536, "Longitude": 110.36435, "HSI": 1.0, "HabitatClass": "High", "Taxon_Normalized": "Burung" }, "geometry": { "type": "Point", "coordinates": [ 110.36435, -7.80536 ] } },
{ "type": "Feature", "properties": { "Species": "Punai Gading", "Latin": "Treron vernans", "Coordinate": "-7.80528, 110.36420", "Link": null, "Group": "Burung", "Latitude": -7.80528, "Longitude": 110.3642, "HSI": 1.0, "HabitatClass": "High", "Taxon_Normalized": "Burung" }, "geometry": { "type": "Point", "coordinates": [ 110.3642, -7.80528 ] } },
{ "type": "Feature", "properties": { "Species": "Cabai Jawa", "Latin": "Dicaeum trochileum", "Coordinate": "-7.80528, 110.36420", "Link": null, "Group": "Burung", "Latitude": -7.80528, "Longitude": 110.3642, "HSI": 1.0, "HabitatClass": "High", "Taxon_Normalized": "Burung" }, "geometry": { "type": "Point", "coordinates": [ 110.3642, -7.80528 ] } },
{ "type": "Feature", "properties": { "Species": "Tekukur", "Latin": "Spilopelia chinensis", "Coordinate": "-7.80505, 110.36428", "Link": null, "Group": "Burung", "Latitude": -7.80505, "Longitude": 110.36428, "HSI": 2.0, "HabitatClass": "High", "Taxon_Normalized": "Burung" }, "geometry": { "type": "Point", "coordinates": [ 110.36428, -7.80505 ] } },
{ "type": "Feature", "properties": { "Species": "Tekukur", "Latin": "Spilopelia chinensis", "Coordinate": "-7.80444, 110.36321", "Link": null, "Group": "Burung", "Latitude": -7.80444, "Longitude": 110.36321, "HSI": 1.0, "HabitatClass": "High", "Taxon_Normalized": "Burung" }, "geometry": { "type": "Point", "coordinates": [ 110.36321, -7.80444 ] } },
{ "type": "Feature", "properties": { "Species": "Tekukur", "Latin": "Spilopelia chinensis", "Coordinate": "-7.80377, 110.36464", "Link": null, "Group": "Burung", "Latitude": -7.80377, "Longitude": 110.36464, "HSI": 2.0, "HabitatClass": "High", "Taxon_Normalized": "Burung" }, "geometry": { "type": "Point", "coordinates": [ 110.36464, -7.80377 ] } },
{ "type": "Feature", "properties": { "Species": "Punai Gading", "Latin": "Treron vernans", "Coordinate": "-7.80832, 110.35466", "Link": null, "Group": "Burung", "Latitude": -7.80832, "Longitude": 110.35466, "HSI": 1.0, "HabitatClass": "High", "Taxon_Normalized": "Burung" }, "geometry": { "type": "Point", "coordinates": [ 110.35466, -7.80832 ] } },
{ "type": "Feature", "properties": { "Species": "Tekukur", "Latin": "Spilopelia chinensis", "Coordinate": "-7.80817, 110.35332", "Link": null, "Group": "Burung", "Latitude": -7.80817, "Longitude": 110.35332, "HSI": 1.0, "HabitatClass": "High", "Taxon_Normalized": "Burung" }, "geometry": { "type": "Point", "coordinates": [ 110.35332, -7.80817 ] } },
{ "type": "Feature", "properties": { "Species": "Bunglon Taman", "Latin": "Calotes versicolor", "Coordinate": "-7.80798, 110.35256", "Link": null, "Group": "Reptil", "Latitude": -7.80798, "Longitude": 110.35256, "HSI": 1.0, "HabitatClass": "High", "Taxon_Normalized": "Reptil" }, "geometry": { "type": "Point", "coordinates": [ 110.35256, -7.80798 ] } },
{ "type": "Feature", "properties": { "Species": "Burung-Gereja Erasia", "Latin": "Passer montanus", "Coordinate": "-7.80377, 110.36464", "Link": null, "Group": "Burung", "Latitude": -7.80377, "Longitude": 110.36464, "HSI": 2.0, "HabitatClass": "High", "Taxon_Normalized": "Burung" }, "geometry": { "type": "Point", "coordinates": [ 110.36464, -7.80377 ] } },
{ "type": "Feature", "properties": { "Species": "Punai Gading", "Latin": "Treron vernans", "Coordinate": "-7.80377, 110.36464", "Link": null, "Group": "Burung", "Latitude": -7.80377, "Longitude": 110.36464, "HSI": 2.0, "HabitatClass": "High", "Taxon_Normalized": "Burung" }, "geometry": { "type": "Point", "coordinates": [ 110.36464, -7.80377 ] } },
{ "type": "Feature", "properties": { "Species": "Burung-Gereja Erasia", "Latin": "Passer montanus", "Coordinate": "-7.80312, 110.35622", "Link": null, "Group": "Burung", "Latitude": -7.80312, "Longitude": 110.35622, "HSI": 1.0, "HabitatClass": "High", "Taxon_Normalized": "Burung" }, "geometry": { "type": "Point", "coordinates": [ 110.35622, -7.80312 ] } },
{ "type": "Feature", "properties": { "Species": "Layang-Layang Api", "Latin": "Hirundo rustica", "Coordinate": "-7.80163, 110.36454", "Link": null, "Group": "Burung", "Latitude": -7.80163, "Longitude": 110.36454, "HSI": 1.0, "HabitatClass": "High", "Taxon_Normalized": "Burung" }, "geometry": { "type": "Point", "coordinates": [ 110.36454, -7.80163 ] } },
{ "type": "Feature", "properties": { "Species": "Layang-Layang Api", "Latin": "Hirundo rustica", "Coordinate": "-7.80157, 110.36464", "Link": null, "Group": "Burung", "Latitude": -7.80157, "Longitude": 110.36464, "HSI": 1.0, "HabitatClass": "High", "Taxon_Normalized": "Burung" }, "geometry": { "type": "Point", "coordinates": [ 110.36464, -7.80157 ] } },
{ "type": "Feature", "properties": { "Species": "Layang-Layang Api", "Latin": "Hirundo rustica", "Coordinate": "-7.80154, 110.36460", "Link": null, "Group": "Burung", "Latitude": -7.80154, "Longitude": 110.3646, "HSI": 1.0, "HabitatClass": "High", "Taxon_Normalized": "Burung" }, "geometry": { "type": "Point", "coordinates": [ 110.3646, -7.80154 ] } },
{ "type": "Feature", "properties": { "Species": "Layang-Layang Api", "Latin": "Hirundo rustica", "Coordinate": "-7.80148, 110.36455", "Link": null, "Group": "Burung", "Latitude": -7.80148, "Longitude": 110.36455, "HSI": 1.0, "HabitatClass": "High", "Taxon_Normalized": "Burung" }, "geometry": { "type": "Point", "coordinates": [ 110.36455, -7.80148 ] } },
{ "type": "Feature", "properties": { "Species": "Burung-Gereja Erasia", "Latin": "Passer montanus", "Coordinate": "-7.80144, 110.36385", "Link": null, "Group": "Burung", "Latitude": -7.80144, "Longitude": 110.36385, "HSI": 1.0, "HabitatClass": "High", "Taxon_Normalized": "Burung" }, "geometry": { "type": "Point", "coordinates": [ 110.36385, -7.80144 ] } },
{ "type": "Feature", "properties": { "Species": "Layang-Layang Api", "Latin": "Hirundo rustica", "Coordinate": "-7.80142, 110.36443", "Link": null, "Group": "Burung", "Latitude": -7.80142, "Longitude": 110.36443, "HSI": 1.0, "HabitatClass": "High", "Taxon_Normalized": "Burung" }, "geometry": { "type": "Point", "coordinates": [ 110.36443, -7.80142 ] } },
{ "type": "Feature", "properties": { "Species": "Kucing Domestik", "Latin": "Felis catus", "Coordinate": "-7.80136, 110.36475", "Link": null, "Group": "Mamalia", "Latitude": -7.80136, "Longitude": 110.36475, "HSI": 1.0, "HabitatClass": "High", "Taxon_Normalized": "Mamalia" }, "geometry": { "type": "Point", "coordinates": [ 110.36475, -7.80136 ] } },
{ "type": "Feature", "properties": { "Species": "Burung Takur", "Latin": "Psilopogon haemacephalus ssp. roseus", "Coordinate": "-7.80136, 110.36475", "Link": null, "Group": "Burung", "Latitude": -7.80136, "Longitude": 110.36475, "HSI": 1.0, "HabitatClass": "High", "Taxon_Normalized": "Burung" }, "geometry": { "type": "Point", "coordinates": [ 110.36475, -7.80136 ] } },
{ "type": "Feature", "properties": { "Species": "Burung-Gereja Erasia", "Latin": "Passer montanus", "Coordinate": "-7.80136, 110.36475", "Link": null, "Group": "Burung", "Latitude": -7.80136, "Longitude": 110.36475, "HSI": 1.0, "HabitatClass": "High", "Taxon_Normalized": "Burung" }, "geometry": { "type": "Point", "coordinates": [ 110.36475, -7.80136 ] } },
{ "type": "Feature", "properties": { "Species": "Bangkong Kolong", "Latin": "Duttaphrynus melanostictus", "Coordinate": "-7.80136, 110.36475", "Link": null, "Group": "Amfibi", "Latitude": -7.80136, "Longitude": 110.36475, "HSI": 1.0, "HabitatClass": "High", "Taxon_Normalized": "Amfibi" }, "geometry": { "type": "Point", "coordinates": [ 110.36475, -7.80136 ] } },
{ "type": "Feature", "properties": { "Species": "Kerak Ungu", "Latin": "Acridotheres tristis", "Coordinate": "-7.80136, 110.36475", "Link": null, "Group": "Burung", "Latitude": -7.80136, "Longitude": 110.36475, "HSI": 1.0, "HabitatClass": "High", "Taxon_Normalized": "Burung" }, "geometry": { "type": "Point", "coordinates": [ 110.36475, -7.80136 ] } },
{ "type": "Feature", "properties": { "Species": "Punai Gading", "Latin": "Treron vernans", "Coordinate": "-7.80136, 110.36475", "Link": null, "Group": "Burung", "Latitude": -7.80136, "Longitude": 110.36475, "HSI": 1.0, "HabitatClass": "High", "Taxon_Normalized": "Burung" }, "geometry": { "type": "Point", "coordinates": [ 110.36475, -7.80136 ] } },
{ "type": "Feature", "properties": { "Species": "Tekukur", "Latin": "Spilopelia chinensis", "Coordinate": "-7.80136, 110.36475", "Link": null, "Group": "Burung", "Latitude": -7.80136, "Longitude": 110.36475, "HSI": 1.0, "HabitatClass": "High", "Taxon_Normalized": "Burung" }, "geometry": { "type": "Point", "coordinates": [ 110.36475, -7.80136 ] } },
{ "type": "Feature", "properties": { "Species": "Bondol Jawa", "Latin": "Lonchura leucogastroides", "Coordinate": "-7.80136, 110.36475", "Link": null, "Group": "Burung", "Latitude": -7.80136, "Longitude": 110.36475, "HSI": 1.0, "HabitatClass": "High", "Taxon_Normalized": "Burung" }, "geometry": { "type": "Point", "coordinates": [ 110.36475, -7.80136 ] } },
{ "type": "Feature", "properties": { "Species": "Perkutut", "Latin": "Geopelia striata", "Coordinate": "-7.80136, 110.36475", "Link": null, "Group": "Burung", "Latitude": -7.80136, "Longitude": 110.36475, "HSI": 1.0, "HabitatClass": "High", "Taxon_Normalized": "Burung" }, "geometry": { "type": "Point", "coordinates": [ 110.36475, -7.80136 ] } },
{ "type": "Feature", "properties": { "Species": "Merpati Batu", "Latin": "Columba livia var. domestica", "Coordinate": "-7.80136, 110.36475", "Link": null, "Group": "Burung", "Latitude": -7.80136, "Longitude": 110.36475, "HSI": 1.0, "HabitatClass": "High", "Taxon_Normalized": "Burung" }, "geometry": { "type": "Point", "coordinates": [ 110.36475, -7.80136 ] } },
{ "type": "Feature", "properties": { "Species": "Ular Bangkai Laut", "Latin": "Trimeresurus insularis", "Coordinate": "-7.80136, 110.36475", "Link": null, "Group": "Reptil", "Latitude": -7.80136, "Longitude": 110.36475, "HSI": 1.0, "HabitatClass": "High", "Taxon_Normalized": "Reptil" }, "geometry": { "type": "Point", "coordinates": [ 110.36475, -7.80136 ] } },
{ "type": "Feature", "properties": { "Species": "Tokek Rumah", "Latin": "Gekko gecko", "Coordinate": "-7.80136, 110.36475", "Link": null, "Group": "Reptil", "Latitude": -7.80136, "Longitude": 110.36475, "HSI": 1.0, "HabitatClass": "High", "Taxon_Normalized": "Reptil" }, "geometry": { "type": "Point", "coordinates": [ 110.36475, -7.80136 ] } },
{ "type": "Feature", "properties": { "Species": "Bondol Haji", "Latin": "Lonchura maja", "Coordinate": "-7.80136, 110.36475", "Link": null, "Group": "Burung", "Latitude": -7.80136, "Longitude": 110.36475, "HSI": 1.0, "HabitatClass": "High", "Taxon_Normalized": "Burung" }, "geometry": { "type": "Point", "coordinates": [ 110.36475, -7.80136 ] } },
{ "type": "Feature", "properties": { "Species": "Kongkang Kolam Jawa", "Latin": "Hylarana chalconota", "Coordinate": "-7.80136, 110.36475", "Link": null, "Group": "Amfibi", "Latitude": -7.80136, "Longitude": 110.36475, "HSI": 1.0, "HabitatClass": "High", "Taxon_Normalized": "Amfibi" }, "geometry": { "type": "Point", "coordinates": [ 110.36475, -7.80136 ] } },
{ "type": "Feature", "properties": { "Species": "Bunglon Taman", "Latin": "Calotes versicolor", "Coordinate": "-7.80136, 110.36475", "Link": null, "Group": "Reptil", "Latitude": -7.80136, "Longitude": 110.36475, "HSI": 1.0, "HabitatClass": "High", "Taxon_Normalized": "Reptil" }, "geometry": { "type": "Point", "coordinates": [ 110.36475, -7.80136 ] } },
{ "type": "Feature", "properties": { "Species": "Layang-Layang Api", "Latin": "Hirundo rustica", "Coordinate": "-7.80101, 110.36912", "Link": null, "Group": "Burung", "Latitude": -7.80101, "Longitude": 110.36912, "HSI": 1.0, "HabitatClass": "High", "Taxon_Normalized": "Burung" }, "geometry": { "type": "Point", "coordinates": [ 110.36912, -7.80101 ] } },
{ "type": "Feature", "properties": { "Species": "Layang-Layang Api", "Latin": "Hirundo rustica", "Coordinate": "-7.80092, 110.36928", "Link": null, "Group": "Burung", "Latitude": -7.80092, "Longitude": 110.36928, "HSI": 1.0, "HabitatClass": "High", "Taxon_Normalized": "Burung" }, "geometry": { "type": "Point", "coordinates": [ 110.36928, -7.80092 ] } },
{ "type": "Feature", "properties": { "Species": "Perkutut", "Latin": "Geopelia striata", "Coordinate": "-7.80088, 110.36493", "Link": null, "Group": "Burung", "Latitude": -7.80088, "Longitude": 110.36493, "HSI": 2.0, "HabitatClass": "High", "Taxon_Normalized": "Burung" }, "geometry": { "type": "Point", "coordinates": [ 110.36493, -7.80088 ] } },
{ "type": "Feature", "properties": { "Species": "Tekukur", "Latin": "Spilopelia chinensis", "Coordinate": "-7.80078, 110.36507", "Link": null, "Group": "Burung", "Latitude": -7.80078, "Longitude": 110.36507, "HSI": 3.0, "HabitatClass": "High", "Taxon_Normalized": "Burung" }, "geometry": { "type": "Point", "coordinates": [ 110.36507, -7.80078 ] } },
{ "type": "Feature", "properties": { "Species": "Bangkong Kolong", "Latin": "Duttaphrynus melanostictus", "Coordinate": "-7.80058, 110.36691", "Link": null, "Group": "Amfibi", "Latitude": -7.80058, "Longitude": 110.36691, "HSI": 1.0, "HabitatClass": "High", "Taxon_Normalized": "Amfibi" }, "geometry": { "type": "Point", "coordinates": [ 110.36691, -7.80058 ] } },
{ "type": "Feature", "properties": { "Species": "Punai Gading", "Latin": "Treron vernans", "Coordinate": "-7.80013, 110.36526", "Link": null, "Group": "Burung", "Latitude": -7.80013, "Longitude": 110.36526, "HSI": 3.0, "HabitatClass": "High", "Taxon_Normalized": "Burung" }, "geometry": { "type": "Point", "coordinates": [ 110.36526, -7.80013 ] } },
{ "type": "Feature", "properties": { "Species": "Burung-Gereja Erasia", "Latin": "Passer montanus", "Coordinate": "-7.79943, 110.36517", "Link": null, "Group": "Burung", "Latitude": -7.79943, "Longitude": 110.36517, "HSI": 1.0, "HabitatClass": "High", "Taxon_Normalized": "Burung" }, "geometry": { "type": "Point", "coordinates": [ 110.36517, -7.79943 ] } },
{ "type": "Feature", "properties": { "Species": "Punai Gading", "Latin": "Treron vernans", "Coordinate": "-7.79912, 110.36708", "Link": null, "Group": "Burung", "Latitude": -7.79912, "Longitude": 110.36708, "HSI": 1.0, "HabitatClass": "High", "Taxon_Normalized": "Burung" }, "geometry": { "type": "Point", "coordinates": [ 110.36708, -7.79912 ] } },
{ "type": "Feature", "properties": { "Species": "Cabai Jawa", "Latin": "Dicaeum trochileum", "Coordinate": "-7.79912, 110.36708", "Link": null, "Group": "Burung", "Latitude": -7.79912, "Longitude": 110.36708, "HSI": 1.0, "HabitatClass": "High", "Taxon_Normalized": "Burung" }, "geometry": { "type": "Point", "coordinates": [ 110.36708, -7.79912 ] } },
{ "type": "Feature", "properties": { "Species": "Kerak Kerbau", "Latin": "Acridotheres javanicus", "Coordinate": "-7.79912, 110.36708", "Link": null, "Group": "Burung", "Latitude": -7.79912, "Longitude": 110.36708, "HSI": 1.0, "HabitatClass": "High", "Taxon_Normalized": "Burung" }, "geometry": { "type": "Point", "coordinates": [ 110.36708, -7.79912 ] } },
{ "type": "Feature", "properties": { "Species": "Layang-Layang Batu", "Latin": "Hirundo javanica", "Coordinate": "-7.79912, 110.36708", "Link": null, "Group": "Burung", "Latitude": -7.79912, "Longitude": 110.36708, "HSI": 1.0, "HabitatClass": "High", "Taxon_Normalized": "Burung" }, "geometry": { "type": "Point", "coordinates": [ 110.36708, -7.79912 ] } },
{ "type": "Feature", "properties": { "Species": "Merbah Cerukcuk", "Latin": "Pycnonotus goiavier", "Coordinate": "-7.79912, 110.36708", "Link": null, "Group": "Burung", "Latitude": -7.79912, "Longitude": 110.36708, "HSI": 1.0, "HabitatClass": "High", "Taxon_Normalized": "Burung" }, "geometry": { "type": "Point", "coordinates": [ 110.36708, -7.79912 ] } },
{ "type": "Feature", "properties": { "Species": "Tekukur", "Latin": "Spilopelia chinensis", "Coordinate": "-7.79912, 110.36708", "Link": null, "Group": "Burung", "Latitude": -7.79912, "Longitude": 110.36708, "HSI": 1.0, "HabitatClass": "High", "Taxon_Normalized": "Burung" }, "geometry": { "type": "Point", "coordinates": [ 110.36708, -7.79912 ] } },
{ "type": "Feature", "properties": { "Species": "Perkutut", "Latin": "Geopelia striata", "Coordinate": "-7.79809, 110.36802", "Link": null, "Group": "Burung", "Latitude": -7.79809, "Longitude": 110.36802, "HSI": 3.0, "HabitatClass": "High", "Taxon_Normalized": "Burung" }, "geometry": { "type": "Point", "coordinates": [ 110.36802, -7.79809 ] } },
{ "type": "Feature", "properties": { "Species": "Cabai Jawa", "Latin": "Dicaeum trochileum", "Coordinate": "-7.79808, 110.36814", "Link": null, "Group": "Burung", "Latitude": -7.79808, "Longitude": 110.36814, "HSI": 3.0, "HabitatClass": "High", "Taxon_Normalized": "Burung" }, "geometry": { "type": "Point", "coordinates": [ 110.36814, -7.79808 ] } },
{ "type": "Feature", "properties": { "Species": "Cinenen Jawa", "Latin": "Orthotomus sepium", "Coordinate": "-7.79803, 110.36803", "Link": null, "Group": "Burung", "Latitude": -7.79803, "Longitude": 110.36803, "HSI": 3.0, "HabitatClass": "High", "Taxon_Normalized": "Burung" }, "geometry": { "type": "Point", "coordinates": [ 110.36803, -7.79803 ] } },
{ "type": "Feature", "properties": { "Species": "Kerak Kerbau", "Latin": "Acridotheres javanicus", "Coordinate": "-7.80136, 110.36475", "Link": null, "Group": "Burung", "Latitude": -7.80136, "Longitude": 110.36475, "HSI": 1.0, "HabitatClass": "High", "Taxon_Normalized": "Burung" }, "geometry": { "type": "Point", "coordinates": [ 110.36475, -7.80136 ] } },
{ "type": "Feature", "properties": { "Species": "Kodok Puru Hutan", "Latin": "Ingerophrynus biporcatus", "Coordinate": "-7.80136, 110.36475", "Link": null, "Group": "Amfibi", "Latitude": -7.80136, "Longitude": 110.36475, "HSI": 1.0, "HabitatClass": "High", "Taxon_Normalized": "Amfibi" }, "geometry": { "type": "Point", "coordinates": [ 110.36475, -7.80136 ] } },
{ "type": "Feature", "properties": { "Species": "Katak-Pohon Bergaris", "Latin": "Polypedates leucomystax", "Coordinate": "-7.80136, 110.36475", "Link": null, "Group": "Amfibi", "Latitude": -7.80136, "Longitude": 110.36475, "HSI": 1.0, "HabitatClass": "High", "Taxon_Normalized": "Amfibi" }, "geometry": { "type": "Point", "coordinates": [ 110.36475, -7.80136 ] } },
{ "type": "Feature", "properties": { "Species": "Layang-Layang Api", "Latin": "Hirundo rustica", "Coordinate": "-7.80136, 110.36046", "Link": null, "Group": "Burung", "Latitude": -7.80136, "Longitude": 110.36046, "HSI": 2.0, "HabitatClass": "High", "Taxon_Normalized": "Burung" }, "geometry": { "type": "Point", "coordinates": [ 110.36046, -7.80136 ] } },
{ "type": "Feature", "properties": { "Species": "Layang-Layang Api", "Latin": "Hirundo rustica", "Coordinate": "-7.80130, 110.36304", "Link": null, "Group": "Burung", "Latitude": -7.8013, "Longitude": 110.36304, "HSI": 1.0, "HabitatClass": "High", "Taxon_Normalized": "Burung" }, "geometry": { "type": "Point", "coordinates": [ 110.36304, -7.8013 ] } },
{ "type": "Feature", "properties": { "Species": "Layang-Layang Api", "Latin": "Hirundo rustica", "Coordinate": "-7.80114, 110.35750", "Link": null, "Group": "Burung", "Latitude": -7.80114, "Longitude": 110.3575, "HSI": 1.0, "HabitatClass": "High", "Taxon_Normalized": "Burung" }, "geometry": { "type": "Point", "coordinates": [ 110.3575, -7.80114 ] } },
{ "type": "Feature", "properties": { "Species": "Cecak Tembok", "Latin": "Hemidactylus platyurus", "Coordinate": "-7.80092, 110.36366", "Link": null, "Group": "Reptil", "Latitude": -7.80092, "Longitude": 110.36366, "HSI": 1.0, "HabitatClass": "High", "Taxon_Normalized": "Reptil" }, "geometry": { "type": "Point", "coordinates": [ 110.36366, -7.80092 ] } },
{ "type": "Feature", "properties": { "Species": "Layang-Layang Api", "Latin": "Hirundo rustica", "Coordinate": "-7.80085, 110.36225", "Link": null, "Group": "Burung", "Latitude": -7.80085, "Longitude": 110.36225, "HSI": 1.0, "HabitatClass": "High", "Taxon_Normalized": "Burung" }, "geometry": { "type": "Point", "coordinates": [ 110.36225, -7.80085 ] } },
{ "type": "Feature", "properties": { "Species": "Bengkarung", "Latin": "Eutropis multifasciata", "Coordinate": "-7.80040, 110.36384", "Link": null, "Group": "Reptil", "Latitude": -7.8004, "Longitude": 110.36384, "HSI": 2.0, "HabitatClass": "High", "Taxon_Normalized": "Reptil" }, "geometry": { "type": "Point", "coordinates": [ 110.36384, -7.8004 ] } },
{ "type": "Feature", "properties": { "Species": "Punai Gading", "Latin": "Treron vernans", "Coordinate": "-7.79602, 110.36471", "Link": null, "Group": "Burung", "Latitude": -7.79602, "Longitude": 110.36471, "HSI": 1.0, "HabitatClass": "High", "Taxon_Normalized": "Burung" }, "geometry": { "type": "Point", "coordinates": [ 110.36471, -7.79602 ] } },
{ "type": "Feature", "properties": { "Species": "Cucak Delima", "Latin": "Rubigula dispar", "Coordinate": "7.79824, 110.34844", "Link": null, "Group": "Burung", "Latitude": -7.79824, "Longitude": 110.34844, "HSI": 2.0, "HabitatClass": "High", "Taxon_Normalized": "Burung" }, "geometry": { "type": "Point", "coordinates": [ 110.34844, -7.79824 ] } },
{ "type": "Feature", "properties": { "Species": "Perkutut", "Latin": "Geopelia striata", "Coordinate": "-7.79757, 110.35463", "Link": null, "Group": "Burung", "Latitude": -7.79757, "Longitude": 110.35463, "HSI": 2.0, "HabitatClass": "High", "Taxon_Normalized": "Burung" }, "geometry": { "type": "Point", "coordinates": [ 110.35463, -7.79757 ] } },
{ "type": "Feature", "properties": { "Species": "Raja-Udang Meninting", "Latin": "Alcedo meninting", "Coordinate": "-7.79727, 110.34832", "Link": null, "Group": "Burung", "Latitude": -7.79727, "Longitude": 110.34832, "HSI": 3.0, "HabitatClass": "High", "Taxon_Normalized": "Burung" }, "geometry": { "type": "Point", "coordinates": [ 110.34832, -7.79727 ] } },
{ "type": "Feature", "properties": { "Species": "Merbah Cerukcuk", "Latin": "Pycnonotus goiavier", "Coordinate": "-7.79788, 110.36818", "Link": null, "Group": "Burung", "Latitude": -7.79788, "Longitude": 110.36818, "HSI": 3.0, "HabitatClass": "High", "Taxon_Normalized": "Burung" }, "geometry": { "type": "Point", "coordinates": [ 110.36818, -7.79788 ] } },
{ "type": "Feature", "properties": { "Species": "Punai Gading", "Latin": "Treron vernans", "Coordinate": "-7.79788, 110.36826", "Link": null, "Group": "Burung", "Latitude": -7.79788, "Longitude": 110.36826, "HSI": 3.0, "HabitatClass": "High", "Taxon_Normalized": "Burung" }, "geometry": { "type": "Point", "coordinates": [ 110.36826, -7.79788 ] } },
{ "type": "Feature", "properties": { "Species": "Punai Gading", "Latin": "Treron vernans", "Coordinate": "-7.79778, 110.36807", "Link": null, "Group": "Burung", "Latitude": -7.79778, "Longitude": 110.36807, "HSI": 3.0, "HabitatClass": "High", "Taxon_Normalized": "Burung" }, "geometry": { "type": "Point", "coordinates": [ 110.36807, -7.79778 ] } },
{ "type": "Feature", "properties": { "Species": "Bunglon Taman", "Latin": "Calotes versicolor", "Coordinate": "-7.79776, 110.36704", "Link": null, "Group": "Reptil", "Latitude": -7.79776, "Longitude": 110.36704, "HSI": 1.0, "HabitatClass": "High", "Taxon_Normalized": "Reptil" }, "geometry": { "type": "Point", "coordinates": [ 110.36704, -7.79776 ] } },
{ "type": "Feature", "properties": { "Species": "Tokek Rumah", "Latin": "Gekko gecko", "Coordinate": "-7.79767, 110.36725", "Link": null, "Group": "Reptil", "Latitude": -7.79767, "Longitude": 110.36725, "HSI": 1.0, "HabitatClass": "High", "Taxon_Normalized": "Reptil" }, "geometry": { "type": "Point", "coordinates": [ 110.36725, -7.79767 ] } },
{ "type": "Feature", "properties": { "Species": "Layang-Layang Api", "Latin": "Hirundo rustica", "Coordinate": "-7.79761, 110.36943", "Link": null, "Group": "Burung", "Latitude": -7.79761, "Longitude": 110.36943, "HSI": 1.0, "HabitatClass": "High", "Taxon_Normalized": "Burung" }, "geometry": { "type": "Point", "coordinates": [ 110.36943, -7.79761 ] } },
{ "type": "Feature", "properties": { "Species": "Bondol Peking", "Latin": "Lonchura punctulata", "Coordinate": "-7.79747, 110.36821", "Link": null, "Group": "Burung", "Latitude": -7.79747, "Longitude": 110.36821, "HSI": 2.0, "HabitatClass": "High", "Taxon_Normalized": "Burung" }, "geometry": { "type": "Point", "coordinates": [ 110.36821, -7.79747 ] } },
{ "type": "Feature", "properties": { "Species": "Bondol Haji", "Latin": "Lonchura maja", "Coordinate": "-7.79735, 110.36825", "Link": null, "Group": "Burung", "Latitude": -7.79735, "Longitude": 110.36825, "HSI": 2.0, "HabitatClass": "High", "Taxon_Normalized": "Burung" }, "geometry": { "type": "Point", "coordinates": [ 110.36825, -7.79735 ] } },
{ "type": "Feature", "properties": { "Species": "Kerak Kerbau", "Latin": "Acridotheres javanicus", "Coordinate": "-7.79735, 110.36898", "Link": null, "Group": "Burung", "Latitude": -7.79735, "Longitude": 110.36898, "HSI": 1.0, "HabitatClass": "High", "Taxon_Normalized": "Burung" }, "geometry": { "type": "Point", "coordinates": [ 110.36898, -7.79735 ] } },
{ "type": "Feature", "properties": { "Species": "Bondol Jawa", "Latin": "Lonchura leucogastroides", "Coordinate": "-7.79735, 110.36898", "Link": null, "Group": "Burung", "Latitude": -7.79735, "Longitude": 110.36898, "HSI": 1.0, "HabitatClass": "High", "Taxon_Normalized": "Burung" }, "geometry": { "type": "Point", "coordinates": [ 110.36898, -7.79735 ] } },
{ "type": "Feature", "properties": { "Species": "Bondol Haji", "Latin": "Lonchura maja", "Coordinate": "-7.79735, 110.36898", "Link": null, "Group": "Burung", "Latitude": -7.79735, "Longitude": 110.36898, "HSI": 1.0, "HabitatClass": "High", "Taxon_Normalized": "Burung" }, "geometry": { "type": "Point", "coordinates": [ 110.36898, -7.79735 ] } },
{ "type": "Feature", "properties": { "Species": "Burung-Gereja Erasia", "Latin": "Passer montanus", "Coordinate": "-7.79733, 110.36826", "Link": null, "Group": "Burung", "Latitude": -7.79733, "Longitude": 110.36826, "HSI": 2.0, "HabitatClass": "High", "Taxon_Normalized": "Burung" }, "geometry": { "type": "Point", "coordinates": [ 110.36826, -7.79733 ] } },
{ "type": "Feature", "properties": { "Species": "Bondol Haji", "Latin": "Lonchura maja", "Coordinate": "-7.79732, 110.36819", "Link": null, "Group": "Burung", "Latitude": -7.79732, "Longitude": 110.36819, "HSI": 2.0, "HabitatClass": "High", "Taxon_Normalized": "Burung" }, "geometry": { "type": "Point", "coordinates": [ 110.36819, -7.79732 ] } },
{ "type": "Feature", "properties": { "Species": "Bangkong Kolong", "Latin": "Duttaphrynus melanostictus", "Coordinate": "-7.7973, 110.36866", "Link": null, "Group": "Amfibi", "Latitude": -7.7973, "Longitude": 110.36866, "HSI": 3.0, "HabitatClass": "High", "Taxon_Normalized": "Amfibi" }, "geometry": { "type": "Point", "coordinates": [ 110.36866, -7.7973 ] } },
{ "type": "Feature", "properties": { "Species": "Bondol Jawa", "Latin": "Lonchura leucogastroides", "Coordinate": "-7.79729, 110.3686", "Link": null, "Group": "Burung", "Latitude": -7.79729, "Longitude": 110.3686, "HSI": 3.0, "HabitatClass": "High", "Taxon_Normalized": "Burung" }, "geometry": { "type": "Point", "coordinates": [ 110.3686, -7.79729 ] } },
{ "type": "Feature", "properties": { "Species": "Burung-madu Sriganti", "Latin": "Cinnyris ornatus", "Coordinate": "-7.79723, 110.36858", "Link": null, "Group": "Burung", "Latitude": -7.79723, "Longitude": 110.36858, "HSI": 3.0, "HabitatClass": "High", "Taxon_Normalized": "Burung" }, "geometry": { "type": "Point", "coordinates": [ 110.36858, -7.79723 ] } },
{ "type": "Feature", "properties": { "Species": "Bondol Peking", "Latin": "Lonchura punctulata", "Coordinate": "-7.79722, 110.36879", "Link": null, "Group": "Burung", "Latitude": -7.79722, "Longitude": 110.36879, "HSI": 2.0, "HabitatClass": "High", "Taxon_Normalized": "Burung" }, "geometry": { "type": "Point", "coordinates": [ 110.36879, -7.79722 ] } },
{ "type": "Feature", "properties": { "Species": "Wiwik Uncuing", "Latin": "Cacomantis sepulcralis ssp. sepulcralis", "Coordinate": "-7.79722, 110.36879", "Link": null, "Group": "Burung", "Latitude": -7.79722, "Longitude": 110.36879, "HSI": 2.0, "HabitatClass": "High", "Taxon_Normalized": "Burung" }, "geometry": { "type": "Point", "coordinates": [ 110.36879, -7.79722 ] } },
{ "type": "Feature", "properties": { "Species": "Bondol Haji", "Latin": "Lonchura maja", "Coordinate": "-7.79722, 110.36879", "Link": null, "Group": "Burung", "Latitude": -7.79722, "Longitude": 110.36879, "HSI": 2.0, "HabitatClass": "High", "Taxon_Normalized": "Burung" }, "geometry": { "type": "Point", "coordinates": [ 110.36879, -7.79722 ] } },
{ "type": "Feature", "properties": { "Species": "Burung Takur", "Latin": "Psilopogon haemacephalus ssp. roseus", "Coordinate": "-7.79722, 110.36879", "Link": null, "Group": "Burung", "Latitude": -7.79722, "Longitude": 110.36879, "HSI": 2.0, "HabitatClass": "High", "Taxon_Normalized": "Burung" }, "geometry": { "type": "Point", "coordinates": [ 110.36879, -7.79722 ] } },
{ "type": "Feature", "properties": { "Species": "Perkutut", "Latin": "Geopelia striata", "Coordinate": "-7.79722, 110.36879", "Link": null, "Group": "Burung", "Latitude": -7.79722, "Longitude": 110.36879, "HSI": 2.0, "HabitatClass": "High", "Taxon_Normalized": "Burung" }, "geometry": { "type": "Point", "coordinates": [ 110.36879, -7.79722 ] } },
{ "type": "Feature", "properties": { "Species": "Cinenen Jawa", "Latin": "Orthotomus sepium", "Coordinate": "-7.79722, 110.36879", "Link": null, "Group": "Burung", "Latitude": -7.79722, "Longitude": 110.36879, "HSI": 2.0, "HabitatClass": "High", "Taxon_Normalized": "Burung" }, "geometry": { "type": "Point", "coordinates": [ 110.36879, -7.79722 ] } },
{ "type": "Feature", "properties": { "Species": "Cipoh Kacat", "Latin": "Aegithina tiphia", "Coordinate": "-7.79722, 110.36879", "Link": null, "Group": "Burung", "Latitude": -7.79722, "Longitude": 110.36879, "HSI": 2.0, "HabitatClass": "High", "Taxon_Normalized": "Burung" }, "geometry": { "type": "Point", "coordinates": [ 110.36879, -7.79722 ] } },
{ "type": "Feature", "properties": { "Species": "Raja-Udang Meninting", "Latin": "Alcedo meninting", "Coordinate": "-7.79722, 110.36879", "Link": null, "Group": "Burung", "Latitude": -7.79722, "Longitude": 110.36879, "HSI": 2.0, "HabitatClass": "High", "Taxon_Normalized": "Burung" }, "geometry": { "type": "Point", "coordinates": [ 110.36879, -7.79722 ] } },
{ "type": "Feature", "properties": { "Species": "Bondol Haji", "Latin": "Lonchura maja", "Coordinate": "-7.79719, 110.36875", "Link": null, "Group": "Burung", "Latitude": -7.79719, "Longitude": 110.36875, "HSI": 2.0, "HabitatClass": "High", "Taxon_Normalized": "Burung" }, "geometry": { "type": "Point", "coordinates": [ 110.36875, -7.79719 ] } },
{ "type": "Feature", "properties": { "Species": "Perkutut", "Latin": "Geopelia striata", "Coordinate": "-7.79593, 110.36539", "Link": null, "Group": "Burung", "Latitude": -7.79593, "Longitude": 110.36539, "HSI": 1.0, "HabitatClass": "High", "Taxon_Normalized": "Burung" }, "geometry": { "type": "Point", "coordinates": [ 110.36539, -7.79593 ] } },
{ "type": "Feature", "properties": { "Species": "Bunglon Taman", "Latin": "Calotes versicolor", "Coordinate": " -7.79558, 110.36949", "Link": null, "Group": "Reptil", "Latitude": -7.79558, "Longitude": 110.36949, "HSI": 1.0, "HabitatClass": "High", "Taxon_Normalized": "Reptil" }, "geometry": { "type": "Point", "coordinates": [ 110.36949, -7.79558 ] } },
{ "type": "Feature", "properties": { "Species": "Cekibar", "Latin": "Draco volans", "Coordinate": "-7.79558, 110.36949", "Link": null, "Group": "Reptil", "Latitude": -7.79558, "Longitude": 110.36949, "HSI": 1.0, "HabitatClass": "High", "Taxon_Normalized": "Reptil" }, "geometry": { "type": "Point", "coordinates": [ 110.36949, -7.79558 ] } },
{ "type": "Feature", "properties": { "Species": "Burung-Gereja Erasia", "Latin": "Passer montanus", "Coordinate": "-7.79557, 110.36948", "Link": null, "Group": "Burung", "Latitude": -7.79557, "Longitude": 110.36948, "HSI": 1.0, "HabitatClass": "High", "Taxon_Normalized": "Burung" }, "geometry": { "type": "Point", "coordinates": [ 110.36948, -7.79557 ] } },
{ "type": "Feature", "properties": { "Species": "Bengkarung", "Latin": "Eutropis multifasciata", "Coordinate": "-7.79557, 110.36948", "Link": null, "Group": "Reptil", "Latitude": -7.79557, "Longitude": 110.36948, "HSI": 1.0, "HabitatClass": "High", "Taxon_Normalized": "Reptil" }, "geometry": { "type": "Point", "coordinates": [ 110.36948, -7.79557 ] } },
{ "type": "Feature", "properties": { "Species": "Kapasan Kemiri", "Latin": "Lalage nigra", "Coordinate": "-7.79557, 110.36948", "Link": null, "Group": "Burung", "Latitude": -7.79557, "Longitude": 110.36948, "HSI": 1.0, "HabitatClass": "High", "Taxon_Normalized": "Burung" }, "geometry": { "type": "Point", "coordinates": [ 110.36948, -7.79557 ] } },
{ "type": "Feature", "properties": { "Species": "Merbah Cerukcuk", "Latin": "Pycnonotus goiavier", "Coordinate": "-7.79557, 110.36948", "Link": null, "Group": "Burung", "Latitude": -7.79557, "Longitude": 110.36948, "HSI": 1.0, "HabitatClass": "High", "Taxon_Normalized": "Burung" }, "geometry": { "type": "Point", "coordinates": [ 110.36948, -7.79557 ] } },
{ "type": "Feature", "properties": { "Species": "Walet Linchi", "Latin": "Collocalia linchi", "Coordinate": "-7.79557, 110.36948", "Link": null, "Group": "Burung", "Latitude": -7.79557, "Longitude": 110.36948, "HSI": 1.0, "HabitatClass": "High", "Taxon_Normalized": "Burung" }, "geometry": { "type": "Point", "coordinates": [ 110.36948, -7.79557 ] } },
{ "type": "Feature", "properties": { "Species": "Celurut Rumah Asia", "Latin": "Suncus murinus", "Coordinate": "-7.79557, 110.36948", "Link": null, "Group": "Mamalia", "Latitude": -7.79557, "Longitude": 110.36948, "HSI": 1.0, "HabitatClass": "High", "Taxon_Normalized": "Mamalia" }, "geometry": { "type": "Point", "coordinates": [ 110.36948, -7.79557 ] } },
{ "type": "Feature", "properties": { "Species": "Cecak Tembok", "Latin": "Hemidactylus platyurus", "Coordinate": "-7.79557, 110.36948", "Link": null, "Group": "Reptil", "Latitude": -7.79557, "Longitude": 110.36948, "HSI": 1.0, "HabitatClass": "High", "Taxon_Normalized": "Reptil" }, "geometry": { "type": "Point", "coordinates": [ 110.36948, -7.79557 ] } },
{ "type": "Feature", "properties": { "Species": "Kadal Rumput", "Latin": "Takydromus sexlineatus", "Coordinate": "-7.79557, 110.36948", "Link": null, "Group": "Reptil", "Latitude": -7.79557, "Longitude": 110.36948, "HSI": 1.0, "HabitatClass": "High", "Taxon_Normalized": "Reptil" }, "geometry": { "type": "Point", "coordinates": [ 110.36948, -7.79557 ] } },
{ "type": "Feature", "properties": { "Species": "Bunglon Surai", "Latin": "Bronchocela jubata", "Coordinate": "-7.79557, 110.36948", "Link": null, "Group": "Reptil", "Latitude": -7.79557, "Longitude": 110.36948, "HSI": 1.0, "HabitatClass": "High", "Taxon_Normalized": "Reptil" }, "geometry": { "type": "Point", "coordinates": [ 110.36948, -7.79557 ] } },
{ "type": "Feature", "properties": { "Species": "Katak-Pohon Bergaris", "Latin": "Polypedates leucomystax", "Coordinate": "-7.79557, 110.36948", "Link": null, "Group": "Amfibi", "Latitude": -7.79557, "Longitude": 110.36948, "HSI": 1.0, "HabitatClass": "High", "Taxon_Normalized": "Amfibi" }, "geometry": { "type": "Point", "coordinates": [ 110.36948, -7.79557 ] } },
{ "type": "Feature", "properties": { "Species": "Sikep-Madu Asia", "Latin": "Pernis ptilorhynchus", "Coordinate": "-7.79557, 110.36948", "Link": null, "Group": "Burung", "Latitude": -7.79557, "Longitude": 110.36948, "HSI": 1.0, "HabitatClass": "High", "Taxon_Normalized": "Burung" }, "geometry": { "type": "Point", "coordinates": [ 110.36948, -7.79557 ] } },
{ "type": "Feature", "properties": { "Species": "Cecak Gula", "Latin": "Gehyra mutilata", "Coordinate": "-7.79557, 110.36948", "Link": null, "Group": "Reptil", "Latitude": -7.79557, "Longitude": 110.36948, "HSI": 1.0, "HabitatClass": "High", "Taxon_Normalized": "Reptil" }, "geometry": { "type": "Point", "coordinates": [ 110.36948, -7.79557 ] } },
{ "type": "Feature", "properties": { "Species": "Bondol Haji", "Latin": "Lonchura maja", "Coordinate": "-7.79557, 110.36948", "Link": null, "Group": "Burung", "Latitude": -7.79557, "Longitude": 110.36948, "HSI": 1.0, "HabitatClass": "High", "Taxon_Normalized": "Burung" }, "geometry": { "type": "Point", "coordinates": [ 110.36948, -7.79557 ] } },
{ "type": "Feature", "properties": { "Species": "Bondol Jawa", "Latin": "Lonchura leucogastroides", "Coordinate": "-7.79557, 110.36948", "Link": null, "Group": "Burung", "Latitude": -7.79557, "Longitude": 110.36948, "HSI": 1.0, "HabitatClass": "High", "Taxon_Normalized": "Burung" }, "geometry": { "type": "Point", "coordinates": [ 110.36948, -7.79557 ] } },
{ "type": "Feature", "properties": { "Species": "Merpati Batu", "Latin": "Columba livia var. domestica", "Coordinate": "-7.79547, 110.36948", "Link": null, "Group": "Burung", "Latitude": -7.79547, "Longitude": 110.36948, "HSI": 1.0, "HabitatClass": "High", "Taxon_Normalized": "Burung" }, "geometry": { "type": "Point", "coordinates": [ 110.36948, -7.79547 ] } },
{ "type": "Feature", "properties": { "Species": "Bunglon Taman", "Latin": "Calotes versicolor", "Coordinate": "-7.79500, 110.36777", "Link": null, "Group": "Reptil", "Latitude": -7.795, "Longitude": 110.36777, "HSI": 1.0, "HabitatClass": "High", "Taxon_Normalized": "Reptil" }, "geometry": { "type": "Point", "coordinates": [ 110.36777, -7.795 ] } },
{ "type": "Feature", "properties": { "Species": "Walet Linchi", "Latin": "Collocalia linchi", "Coordinate": "-7.79370, 110.36979", "Link": null, "Group": "Burung", "Latitude": -7.7937, "Longitude": 110.36979, "HSI": 1.0, "HabitatClass": "High", "Taxon_Normalized": "Burung" }, "geometry": { "type": "Point", "coordinates": [ 110.36979, -7.7937 ] } },
{ "type": "Feature", "properties": { "Species": "Burung-Gereja Erasia", "Latin": "Passer montanus", "Coordinate": "-7.79370, 110.36979", "Link": null, "Group": "Burung", "Latitude": -7.7937, "Longitude": 110.36979, "HSI": 1.0, "HabitatClass": "High", "Taxon_Normalized": "Burung" }, "geometry": { "type": "Point", "coordinates": [ 110.36979, -7.7937 ] } },
{ "type": "Feature", "properties": { "Species": "Bondol Jawa", "Latin": "Lonchura leucogastroides", "Coordinate": "-7.79348, 110.36767", "Link": null, "Group": "Burung", "Latitude": -7.79348, "Longitude": 110.36767, "HSI": 1.0, "HabitatClass": "High", "Taxon_Normalized": "Burung" }, "geometry": { "type": "Point", "coordinates": [ 110.36767, -7.79348 ] } },
{ "type": "Feature", "properties": { "Species": "Bengkarung", "Latin": "Eutropis multifasciata", "Coordinate": "-7.79185, 110.36761", "Link": null, "Group": "Reptil", "Latitude": -7.79185, "Longitude": 110.36761, "HSI": 1.0, "HabitatClass": "High", "Taxon_Normalized": "Reptil" }, "geometry": { "type": "Point", "coordinates": [ 110.36761, -7.79185 ] } },
{ "type": "Feature", "properties": { "Species": "Bunglon Taman", "Latin": "Calotes versicolor", "Coordinate": "-7.79141, 110.36977", "Link": null, "Group": "Reptil", "Latitude": -7.79141, "Longitude": 110.36977, "HSI": 1.0, "HabitatClass": "High", "Taxon_Normalized": "Reptil" }, "geometry": { "type": "Point", "coordinates": [ 110.36977, -7.79141 ] } },
{ "type": "Feature", "properties": { "Species": "Bunglon Taman", "Latin": "Calotes versicolor", "Coordinate": "-7.79085, 110.36980", "Link": null, "Group": "Reptil", "Latitude": -7.79085, "Longitude": 110.3698, "HSI": 1.0, "HabitatClass": "High", "Taxon_Normalized": "Reptil" }, "geometry": { "type": "Point", "coordinates": [ 110.3698, -7.79085 ] } },
{ "type": "Feature", "properties": { "Species": "Tokek Rumah", "Latin": "Gekko gecko", "Coordinate": "-7.79554, 110.35485", "Link": null, "Group": "Reptil", "Latitude": -7.79554, "Longitude": 110.35485, "HSI": 1.0, "HabitatClass": "High", "Taxon_Normalized": "Reptil" }, "geometry": { "type": "Point", "coordinates": [ 110.35485, -7.79554 ] } },
{ "type": "Feature", "properties": { "Species": "Bunglon Taman", "Latin": "Calotes versicolor", "Coordinate": "-7.79530, 110.35488", "Link": null, "Group": "Reptil", "Latitude": -7.7953, "Longitude": 110.35488, "HSI": 2.0, "HabitatClass": "High", "Taxon_Normalized": "Reptil" }, "geometry": { "type": "Point", "coordinates": [ 110.35488, -7.7953 ] } },
{ "type": "Feature", "properties": { "Species": "Bunglon Surai", "Latin": "Bronchocela jubata", "Coordinate": "-7.79530, 110.35478", "Link": null, "Group": "Reptil", "Latitude": -7.7953, "Longitude": 110.35478, "HSI": 2.0, "HabitatClass": "High", "Taxon_Normalized": "Reptil" }, "geometry": { "type": "Point", "coordinates": [ 110.35478, -7.7953 ] } },
{ "type": "Feature", "properties": { "Species": "Gelatik Jawa", "Latin": "Padda oryzivora", "Coordinate": "-7.79338, 110.35235", "Link": null, "Group": "Burung", "Latitude": -7.79338, "Longitude": 110.35235, "HSI": 1.0, "HabitatClass": "High", "Taxon_Normalized": "Burung" }, "geometry": { "type": "Point", "coordinates": [ 110.35235, -7.79338 ] } },
{ "type": "Feature", "properties": { "Species": "Cecak Tembok", "Latin": "Hemidactylus platyurus", "Coordinate": " -7.79591, 110.36396", "Link": null, "Group": "Reptil", "Latitude": -7.79591, "Longitude": 110.36396, "HSI": 1.0, "HabitatClass": "High", "Taxon_Normalized": "Reptil" }, "geometry": { "type": "Point", "coordinates": [ 110.36396, -7.79591 ] } },
{ "type": "Feature", "properties": { "Species": "Bangkong Kolong", "Latin": "Duttaphrynus melanostictus", "Coordinate": "-7.79545, 110.36367", "Link": null, "Group": "Amfibi", "Latitude": -7.79545, "Longitude": 110.36367, "HSI": 1.0, "HabitatClass": "High", "Taxon_Normalized": "Amfibi" }, "geometry": { "type": "Point", "coordinates": [ 110.36367, -7.79545 ] } },
{ "type": "Feature", "properties": { "Species": "Katak Tegalan", "Latin": "Fejervarya limnocharis", "Coordinate": "-7.79280, 110.36073", "Link": null, "Group": "Amfibi", "Latitude": -7.7928, "Longitude": 110.36073, "HSI": 1.0, "HabitatClass": "High", "Taxon_Normalized": "Amfibi" }, "geometry": { "type": "Point", "coordinates": [ 110.36073, -7.7928 ] } },
{ "type": "Feature", "properties": { "Species": "Bondol Haji", "Latin": "Lonchura maja", "Coordinate": "-7.79047, 110.36425", "Link": null, "Group": "Burung", "Latitude": -7.79047, "Longitude": 110.36425, "HSI": 1.0, "HabitatClass": "High", "Taxon_Normalized": "Burung" }, "geometry": { "type": "Point", "coordinates": [ 110.36425, -7.79047 ] } },
{ "type": "Feature", "properties": { "Species": "Kucing Domestik", "Latin": "Felis catus", "Coordinate": "-7.78931, 110.36298", "Link": null, "Group": "Mamalia", "Latitude": -7.78931, "Longitude": 110.36298, "HSI": 1.0, "HabitatClass": "High", "Taxon_Normalized": "Mamalia" }, "geometry": { "type": "Point", "coordinates": [ 110.36298, -7.78931 ] } },
{ "type": "Feature", "properties": { "Species": "Layang-Layang Batu", "Latin": "Hirundo javanica", "Coordinate": "-7.78924, 110.36347", "Link": null, "Group": "Burung", "Latitude": -7.78924, "Longitude": 110.36347, "HSI": 1.0, "HabitatClass": "High", "Taxon_Normalized": "Burung" }, "geometry": { "type": "Point", "coordinates": [ 110.36347, -7.78924 ] } },
{ "type": "Feature", "properties": { "Species": "Cecak Kayu", "Latin": "Hemidactylus frenatus", "Coordinate": "-7.78923, 110.36097", "Link": null, "Group": "Reptil", "Latitude": -7.78923, "Longitude": 110.36097, "HSI": 1.0, "HabitatClass": "High", "Taxon_Normalized": "Reptil" }, "geometry": { "type": "Point", "coordinates": [ 110.36097, -7.78923 ] } },
{ "type": "Feature", "properties": { "Species": "Ular Jali", "Latin": "Ptyas korros", "Coordinate": "-7.78694, 110.35763", "Link": null, "Group": "Reptil", "Latitude": -7.78694, "Longitude": 110.35763, "HSI": 1.0, "HabitatClass": "High", "Taxon_Normalized": "Reptil" }, "geometry": { "type": "Point", "coordinates": [ 110.35763, -7.78694 ] } },
{ "type": "Feature", "properties": { "Species": "Katak Tegalan", "Latin": "Fejervarya limnocharis", "Coordinate": "-7.78373, 110.35560", "Link": null, "Group": "Amfibi", "Latitude": -7.78373, "Longitude": 110.3556, "HSI": 2.0, "HabitatClass": "High", "Taxon_Normalized": "Amfibi" }, "geometry": { "type": "Point", "coordinates": [ 110.3556, -7.78373 ] } },
{ "type": "Feature", "properties": { "Species": "Kutilang", "Latin": "Pycnonotus aurigaster", "Coordinate": "-7.78312, 110.36428", "Link": null, "Group": "Burung", "Latitude": -7.78312, "Longitude": 110.36428, "HSI": 1.0, "HabitatClass": "High", "Taxon_Normalized": "Burung" }, "geometry": { "type": "Point", "coordinates": [ 110.36428, -7.78312 ] } },
{ "type": "Feature", "properties": { "Species": "Merbah Cerukcuk", "Latin": "Pycnonotus goiavier", "Coordinate": "-7.79048, 110.36883", "Link": null, "Group": "Burung", "Latitude": -7.79048, "Longitude": 110.36883, "HSI": 2.0, "HabitatClass": "High", "Taxon_Normalized": "Burung" }, "geometry": { "type": "Point", "coordinates": [ 110.36883, -7.79048 ] } },
{ "type": "Feature", "properties": { "Species": "Perkutut", "Latin": "Geopelia striata", "Coordinate": "-7.79004, 110.36581", "Link": null, "Group": "Burung", "Latitude": -7.79004, "Longitude": 110.36581, "HSI": 1.0, "HabitatClass": "High", "Taxon_Normalized": "Burung" }, "geometry": { "type": "Point", "coordinates": [ 110.36581, -7.79004 ] } },
{ "type": "Feature", "properties": { "Species": "Cecak Tembok", "Latin": "Hemidactylus platyurus", "Coordinate": "-7.78995, 110.3656", "Link": null, "Group": "Reptil", "Latitude": -7.78995, "Longitude": 110.3656, "HSI": 1.0, "HabitatClass": "High", "Taxon_Normalized": "Reptil" }, "geometry": { "type": "Point", "coordinates": [ 110.3656, -7.78995 ] } },
{ "type": "Feature", "properties": { "Species": "Kucing Domestik", "Latin": "Felis catus", "Coordinate": "-7.78816, 110.36630", "Link": null, "Group": "Mamalia", "Latitude": -7.78816, "Longitude": 110.3663, "HSI": 1.0, "HabitatClass": "High", "Taxon_Normalized": "Mamalia" }, "geometry": { "type": "Point", "coordinates": [ 110.3663, -7.78816 ] } },
{ "type": "Feature", "properties": { "Species": "Burung-Gereja Erasia", "Latin": "Passer montanus", "Coordinate": "-7.78675, 110.36879", "Link": null, "Group": "Burung", "Latitude": -7.78675, "Longitude": 110.36879, "HSI": 1.0, "HabitatClass": "High", "Taxon_Normalized": "Burung" }, "geometry": { "type": "Point", "coordinates": [ 110.36879, -7.78675 ] } },
{ "type": "Feature", "properties": { "Species": "Cecak Tembok", "Latin": "Hemidactylus platyurus", "Coordinate": "-7.78622, 110.36904", "Link": null, "Group": "Reptil", "Latitude": -7.78622, "Longitude": 110.36904, "HSI": 1.0, "HabitatClass": "High", "Taxon_Normalized": "Reptil" }, "geometry": { "type": "Point", "coordinates": [ 110.36904, -7.78622 ] } },
{ "type": "Feature", "properties": { "Species": "Burung-Gereja Erasia", "Latin": "Passer montanus", "Coordinate": "-7.78606, 110.36947", "Link": null, "Group": "Burung", "Latitude": -7.78606, "Longitude": 110.36947, "HSI": 2.0, "HabitatClass": "High", "Taxon_Normalized": "Burung" }, "geometry": { "type": "Point", "coordinates": [ 110.36947, -7.78606 ] } },
{ "type": "Feature", "properties": { "Species": "Merbah Cerukcuk", "Latin": "Pycnonotus goiavier", "Coordinate": "-7.78575, 110.36766", "Link": null, "Group": "Burung", "Latitude": -7.78575, "Longitude": 110.36766, "HSI": 1.0, "HabitatClass": "High", "Taxon_Normalized": "Burung" }, "geometry": { "type": "Point", "coordinates": [ 110.36766, -7.78575 ] } },
{ "type": "Feature", "properties": { "Species": "Cecak Tembok", "Latin": "Hemidactylus platyurus", "Coordinate": "-7.78486, 110.36740", "Link": null, "Group": "Reptil", "Latitude": -7.78486, "Longitude": 110.3674, "HSI": 1.0, "HabitatClass": "High", "Taxon_Normalized": "Reptil" }, "geometry": { "type": "Point", "coordinates": [ 110.3674, -7.78486 ] } },
{ "type": "Feature", "properties": { "Species": "Bondol Haji", "Latin": "Lonchura maja", "Coordinate": "-7.78217, 110.37003", "Link": null, "Group": "Burung", "Latitude": -7.78217, "Longitude": 110.37003, "HSI": 1.0, "HabitatClass": "High", "Taxon_Normalized": "Burung" }, "geometry": { "type": "Point", "coordinates": [ 110.37003, -7.78217 ] } },
{ "type": "Feature", "properties": { "Species": "Kucing Domestik", "Latin": "Felis catus", "Coordinate": "-7.78758, 110.35409", "Link": null, "Group": "Mamalia", "Latitude": -7.78758, "Longitude": 110.35409, "HSI": 2.0, "HabitatClass": "High", "Taxon_Normalized": "Mamalia" }, "geometry": { "type": "Point", "coordinates": [ 110.35409, -7.78758 ] } },
{ "type": "Feature", "properties": { "Species": "Bunglon Taman", "Latin": "Calotes versicolor", "Coordinate": "-7.78696, 110.35413", "Link": null, "Group": "Reptil", "Latitude": -7.78696, "Longitude": 110.35413, "HSI": 2.0, "HabitatClass": "High", "Taxon_Normalized": "Reptil" }, "geometry": { "type": "Point", "coordinates": [ 110.35413, -7.78696 ] } },
{ "type": "Feature", "properties": { "Species": "Ular Sowo Kopi", "Latin": "Coelognathus flavolineatus", "Coordinate": "-7.78289, 110.35861", "Link": null, "Group": "Reptil", "Latitude": -7.78289, "Longitude": 110.35861, "HSI": 2.0, "HabitatClass": "High", "Taxon_Normalized": "Reptil" }, "geometry": { "type": "Point", "coordinates": [ 110.35861, -7.78289 ] } },
{ "type": "Feature", "properties": { "Species": "Burung Takur", "Latin": "Psilopogon haemacephalus ssp. roseus", "Coordinate": "-7.78278, 110.36083", "Link": null, "Group": "Burung", "Latitude": -7.78278, "Longitude": 110.36083, "HSI": 1.0, "HabitatClass": "High", "Taxon_Normalized": "Burung" }, "geometry": { "type": "Point", "coordinates": [ 110.36083, -7.78278 ] } },
{ "type": "Feature", "properties": { "Species": "Bondol Haji", "Latin": "Lonchura maja", "Coordinate": "-7.77896, 110.36155", "Link": null, "Group": "Burung", "Latitude": -7.77896, "Longitude": 110.36155, "HSI": 1.0, "HabitatClass": "High", "Taxon_Normalized": "Burung" }, "geometry": { "type": "Point", "coordinates": [ 110.36155, -7.77896 ] } },
{ "type": "Feature", "properties": { "Species": "Merbah Cerukcuk", "Latin": "Pycnonotus goiavier", "Coordinate": "-7.77894, 110.36152", "Link": null, "Group": "Burung", "Latitude": -7.77894, "Longitude": 110.36152, "HSI": 1.0, "HabitatClass": "High", "Taxon_Normalized": "Burung" }, "geometry": { "type": "Point", "coordinates": [ 110.36152, -7.77894 ] } },
{ "type": "Feature", "properties": { "Species": "Bondol Jawa", "Latin": "Lonchura leucogastroides", "Coordinate": "-7.77893, 110.36156", "Link": null, "Group": "Burung", "Latitude": -7.77893, "Longitude": 110.36156, "HSI": 1.0, "HabitatClass": "High", "Taxon_Normalized": "Burung" }, "geometry": { "type": "Point", "coordinates": [ 110.36156, -7.77893 ] } },
{ "type": "Feature", "properties": { "Species": "Burung-Gereja Erasia", "Latin": "Passer montanus", "Coordinate": "-7.77892, 110.36152", "Link": null, "Group": "Burung", "Latitude": -7.77892, "Longitude": 110.36152, "HSI": 1.0, "HabitatClass": "High", "Taxon_Normalized": "Burung" }, "geometry": { "type": "Point", "coordinates": [ 110.36152, -7.77892 ] } },
{ "type": "Feature", "properties": { "Species": "Bengkarung", "Latin": "Eutropis multifasciata", "Coordinate": "-7.77809, 110.36045", "Link": null, "Group": "Reptil", "Latitude": -7.77809, "Longitude": 110.36045, "HSI": 2.0, "HabitatClass": "High", "Taxon_Normalized": "Reptil" }, "geometry": { "type": "Point", "coordinates": [ 110.36045, -7.77809 ] } },
{ "type": "Feature", "properties": { "Species": "Kutilang", "Latin": "Pycnonotus aurigaster", "Coordinate": "-7.77757, 110.35883", "Link": null, "Group": "Burung", "Latitude": -7.77757, "Longitude": 110.35883, "HSI": 2.0, "HabitatClass": "High", "Taxon_Normalized": "Burung" }, "geometry": { "type": "Point", "coordinates": [ 110.35883, -7.77757 ] } },
{ "type": "Feature", "properties": { "Species": "Ular Picung", "Latin": "Rhabdophis subminiatus", "Coordinate": "-7.77750, 110.36060", "Link": null, "Group": "Reptil", "Latitude": -7.7775, "Longitude": 110.3606, "HSI": 1.0, "HabitatClass": "High", "Taxon_Normalized": "Reptil" }, "geometry": { "type": "Point", "coordinates": [ 110.3606, -7.7775 ] } },
{ "type": "Feature", "properties": { "Species": "Bunglon Taman", "Latin": "Calotes versicolor", "Coordinate": "-7.77744, 110.36061", "Link": null, "Group": "Reptil", "Latitude": -7.77744, "Longitude": 110.36061, "HSI": 1.0, "HabitatClass": "High", "Taxon_Normalized": "Reptil" }, "geometry": { "type": "Point", "coordinates": [ 110.36061, -7.77744 ] } },
{ "type": "Feature", "properties": { "Species": "Cecak Tembok", "Latin": "Hemidactylus platyurus", "Coordinate": "-7.77797, 110.35150", "Link": null, "Group": "Reptil", "Latitude": -7.77797, "Longitude": 110.3515, "HSI": 2.0, "HabitatClass": "High", "Taxon_Normalized": "Reptil" }, "geometry": { "type": "Point", "coordinates": [ 110.3515, -7.77797 ] } },
{ "type": "Feature", "properties": { "Species": "Bondol Haji", "Latin": "Lonchura maja", "Coordinate": "-7.77794, 110.35137", "Link": null, "Group": "Burung", "Latitude": -7.77794, "Longitude": 110.35137, "HSI": 3.0, "HabitatClass": "High", "Taxon_Normalized": "Burung" }, "geometry": { "type": "Point", "coordinates": [ 110.35137, -7.77794 ] } },
{ "type": "Feature", "properties": { "Species": "Perkutut", "Latin": "Geopelia striata", "Coordinate": "-7.78040, 110.36743", "Link": null, "Group": "Burung", "Latitude": -7.7804, "Longitude": 110.36743, "HSI": 1.0, "HabitatClass": "High", "Taxon_Normalized": "Burung" }, "geometry": { "type": "Point", "coordinates": [ 110.36743, -7.7804 ] } },
{ "type": "Feature", "properties": { "Species": "Cangak Abu", "Latin": "Ardea cinerea", "Coordinate": "-7.77499, 110.36486", "Link": null, "Group": "Burung", "Latitude": -7.77499, "Longitude": 110.36486, "HSI": 2.0, "HabitatClass": "High", "Taxon_Normalized": "Burung" }, "geometry": { "type": "Point", "coordinates": [ 110.36486, -7.77499 ] } },
{ "type": "Feature", "properties": { "Species": "Bondol Jawa", "Latin": "Lonchura leucogastroides", "Coordinate": "-7.77383, 110.36880", "Link": null, "Group": "Burung", "Latitude": -7.77383, "Longitude": 110.3688, "HSI": 1.0, "HabitatClass": "High", "Taxon_Normalized": "Burung" }, "geometry": { "type": "Point", "coordinates": [ 110.3688, -7.77383 ] } },
{ "type": "Feature", "properties": { "Species": "Cecak Tembok", "Latin": "Hemidactylus platyurus", "Coordinate": "-7.77716, 110.36004", "Link": null, "Group": "Reptil", "Latitude": -7.77716, "Longitude": 110.36004, "HSI": 1.0, "HabitatClass": "High", "Taxon_Normalized": "Reptil" }, "geometry": { "type": "Point", "coordinates": [ 110.36004, -7.77716 ] } },
{ "type": "Feature", "properties": { "Species": "Bunglon Taman", "Latin": "Calotes versicolor", "Coordinate": "-7.77285, 110.35716", "Link": null, "Group": "Reptil", "Latitude": -7.77285, "Longitude": 110.35716, "HSI": 1.0, "HabitatClass": "High", "Taxon_Normalized": "Reptil" }, "geometry": { "type": "Point", "coordinates": [ 110.35716, -7.77285 ] } },
{ "type": "Feature", "properties": { "Species": "Tekukur", "Latin": "Spilopelia chinensis", "Coordinate": "-7.77040, 110.36240", "Link": null, "Group": "Burung", "Latitude": -7.7704, "Longitude": 110.3624, "HSI": 2.0, "HabitatClass": "High", "Taxon_Normalized": "Burung" }, "geometry": { "type": "Point", "coordinates": [ 110.3624, -7.7704 ] } },
{ "type": "Feature", "properties": { "Species": "Burung-Gereja Erasia", "Latin": "Passer montanus", "Coordinate": "-7.77000, 110.35653", "Link": null, "Group": "Burung", "Latitude": -7.77, "Longitude": 110.35653, "HSI": 1.0, "HabitatClass": "High", "Taxon_Normalized": "Burung" }, "geometry": { "type": "Point", "coordinates": [ 110.35653, -7.77 ] } }
]
}
